,Date,Sales,Day before holiday,Non Holiday date,Day after holiday,Non Holiday,Payment Week,Weekend,No. of competitors,Quarterly Average sale,Montly Average sale,Qtrly sales std dev,Monthly sale std dev,dayofweek,month,sin_dow,lag_1,lag_7,lag_3,lag_5,rolling_mean_7
0,2018-02-14,132,0,0,1,1,0,0,7,136,137,38,41,2,2,0.9749279121818236,,,,,
1,2018-02-15,149,0,0,1,1,0,0,7,136,137,38,41,3,2,0.43388373911755823,132.0,,,,
2,2018-02-16,130,0,1,0,1,0,0,7,136,137,38,41,4,2,-0.433883739117558,149.0,,,,
3,2018-02-17,174,0,1,0,1,0,1,7,136,137,38,41,5,2,-0.9749279121818236,130.0,,132.0,,
4,2018-02-18,185,0,1,0,1,0,1,7,136,137,38,41,6,2,-0.7818314824680299,174.0,,149.0,,
5,2018-02-19,121,0,1,0,1,0,0,7,136,137,38,41,0,2,0.0,185.0,,130.0,132.0,
6,2018-02-20,110,0,1,0,1,0,0,7,136,137,38,41,1,2,0.7818314824680298,121.0,,174.0,149.0,143.0
7,2018-02-21,105,0,1,0,1,0,0,7,136,137,38,41,2,2,0.9749279121818236,110.0,132.0,185.0,130.0,139.14285714285714
8,2018-02-22,129,0,1,0,1,0,0,7,136,137,38,41,3,2,0.43388373911755823,105.0,149.0,121.0,174.0,136.28571428571428
9,2018-02-23,143,0,1,0,1,0,0,7,136,137,38,41,4,2,-0.433883739117558,129.0,130.0,110.0,185.0,138.14285714285714
10,2018-02-26,154,0,1,0,1,0,0,8,136,137,38,41,0,2,0.0,143.0,174.0,105.0,121.0,135.28571428571428
11,2018-02-27,161,0,1,0,1,0,0,8,136,137,38,41,1,2,0.7818314824680298,154.0,185.0,129.0,110.0,131.85714285714286
12,2018-02-28,116,0,1,0,1,1,0,8,136,137,38,41,2,2,0.9749279121818236,161.0,121.0,143.0,105.0,131.14285714285714
13,2018-03-01,116,0,1,0,1,0,0,8,136,122,38,33,3,3,0.43388373911755823,116.0,110.0,154.0,129.0,132.0
14,2018-03-02,109,0,1,0,1,0,0,8,136,137,38,41,4,3,-0.433883739117558,116.0,105.0,161.0,143.0,132.57142857142858
15,2018-03-03,124,0,1,0,1,0,1,8,136,139,38,36,5,3,-0.9749279121818236,109.0,129.0,116.0,154.0,131.85714285714286
16,2018-03-04,139,0,1,0,1,0,1,8,137,129,24,21,6,3,-0.7818314824680299,124.0,143.0,116.0,161.0,131.28571428571428
17,2018-03-05,107,0,1,0,1,1,0,8,137,138,24,29,0,3,0.0,139.0,154.0,109.0,116.0,124.57142857142857
18,2018-03-06,116,0,1,0,1,1,0,8,137,144,24,20,1,3,0.7818314824680298,107.0,161.0,124.0,116.0,118.14285714285714
19,2018-03-07,139,0,1,0,1,1,0,8,134,130,23,21,2,3,0.9749279121818236,116.0,116.0,139.0,109.0,121.42857142857143
20,2018-03-08,150,0,1,0,1,1,0,8,134,134,23,24,3,3,0.43388373911755823,139.0,116.0,107.0,124.0,126.28571428571429
21,2018-03-09,168,0,1,0,1,1,0,8,134,141,23,23,4,3,-0.433883739117558,150.0,109.0,116.0,139.0,134.71428571428572
22,2018-03-10,131,0,1,0,1,1,1,8,133,129,46,31,5,3,-0.9749279121818236,168.0,124.0,139.0,107.0,135.71428571428572
23,2018-03-11,146,0,1,0,1,0,1,8,133,134,46,29,6,3,-0.7818314824680299,131.0,139.0,150.0,116.0,136.71428571428572
24,2018-03-12,139,0,1,0,1,0,0,8,133,135,46,68,0,3,0.0,146.0,107.0,168.0,139.0,141.28571428571428
25,2018-03-13,155,0,1,0,1,0,0,8,136,139,38,36,1,3,0.7818314824680298,139.0,116.0,131.0,150.0,146.85714285714286
26,2018-03-14,186,0,1,0,1,0,0,8,136,139,38,36,2,3,0.9749279121818236,155.0,139.0,146.0,168.0,153.57142857142858
27,2018-03-15,120,0,1,0,1,0,0,8,136,139,38,36,3,3,0.43388373911755823,186.0,150.0,139.0,131.0,149.28571428571428
28,2018-03-16,133,0,1,0,1,0,0,8,136,139,38,36,4,3,-0.433883739117558,120.0,168.0,155.0,146.0,144.28571428571428
29,2018-03-17,179,0,1,0,1,0,1,8,136,139,38,36,5,3,-0.9749279121818236,133.0,131.0,186.0,139.0,151.14285714285714
30,2018-03-18,165,0,1,0,1,0,1,8,136,139,38,36,6,3,-0.7818314824680299,179.0,146.0,120.0,155.0,153.85714285714286
31,2018-03-19,149,0,1,0,1,0,0,8,136,139,38,36,0,3,0.0,165.0,139.0,133.0,186.0,155.28571428571428
32,2018-03-20,155,0,1,0,1,0,0,8,136,139,38,36,1,3,0.7818314824680298,149.0,155.0,179.0,120.0,155.28571428571428
33,2018-03-21,160,0,1,0,1,0,0,8,136,139,38,36,2,3,0.9749279121818236,155.0,186.0,165.0,133.0,151.57142857142858
34,2018-03-22,178,0,1,0,1,0,0,8,136,139,38,36,3,3,0.43388373911755823,160.0,120.0,149.0,179.0,159.85714285714286
35,2018-03-23,149,0,1,0,1,0,0,8,136,139,38,36,4,3,-0.433883739117558,178.0,133.0,155.0,165.0,162.14285714285714
36,2018-03-24,188,0,1,0,1,0,1,8,136,139,38,36,5,3,-0.9749279121818236,149.0,179.0,160.0,149.0,163.42857142857142
37,2018-03-25,174,0,1,0,1,0,1,8,136,139,38,36,6,3,-0.7818314824680299,188.0,165.0,178.0,155.0,164.71428571428572
38,2018-03-26,166,0,1,0,1,0,0,8,136,139,38,36,0,3,0.0,174.0,149.0,149.0,160.0,167.14285714285714
39,2018-03-27,130,0,1,0,1,0,0,8,136,139,38,36,1,3,0.7818314824680298,166.0,155.0,188.0,178.0,163.57142857142858
40,2018-03-28,139,0,1,0,1,1,0,8,136,139,38,36,2,3,0.9749279121818236,130.0,160.0,174.0,149.0,160.57142857142858
41,2018-03-29,120,0,1,0,1,1,0,8,136,139,38,36,3,3,0.43388373911755823,139.0,178.0,166.0,188.0,152.28571428571428
42,2018-03-31,108,0,1,0,1,1,1,8,136,139,38,36,5,3,-0.9749279121818236,120.0,149.0,130.0,174.0,146.42857142857142
43,2018-04-01,129,0,1,0,1,0,1,8,136,122,38,33,6,4,-0.7818314824680299,108.0,188.0,139.0,166.0,138.0
44,2018-04-02,139,0,1,0,1,0,0,8,136,137,38,41,0,4,0.0,129.0,174.0,120.0,130.0,133.0
45,2018-04-03,145,0,1,0,1,0,0,8,136,139,38,36,1,4,0.7818314824680298,139.0,166.0,108.0,139.0,130.0
46,2018-04-04,159,0,1,0,1,0,0,8,137,129,24,21,2,4,0.9749279121818236,145.0,130.0,129.0,120.0,134.14285714285714
47,2018-04-05,166,0,1,0,1,1,0,8,137,138,24,29,3,4,0.43388373911755823,159.0,139.0,139.0,108.0,138.0
48,2018-04-06,175,0,1,0,1,1,0,8,137,144,24,20,4,4,-0.433883739117558,166.0,120.0,145.0,129.0,145.85714285714286
49,2018-04-07,153,0,1,0,1,1,1,8,134,130,23,21,5,4,-0.9749279121818236,175.0,108.0,159.0,139.0,152.28571428571428
50,2018-04-08,111,0,1,0,1,1,1,8,134,134,23,24,6,4,-0.7818314824680299,153.0,129.0,166.0,145.0,149.71428571428572
51,2018-04-09,139,0,1,0,1,1,0,8,134,141,23,23,0,4,0.0,111.0,139.0,175.0,159.0,149.71428571428572
52,2018-04-10,140,0,1,0,1,1,0,8,133,129,46,31,1,4,0.7818314824680298,139.0,145.0,153.0,166.0,149.0
53,2018-04-11,125,0,1,0,1,0,0,8,133,134,46,29,2,4,0.9749279121818236,140.0,159.0,111.0,175.0,144.14285714285714
54,2018-04-12,138,0,1,0,1,0,0,8,133,135,46,68,3,4,0.43388373911755823,125.0,166.0,139.0,153.0,140.14285714285714
55,2018-04-13,144,0,1,0,1,0,0,8,137,129,24,21,4,4,-0.433883739117558,138.0,175.0,140.0,111.0,135.71428571428572
56,2018-04-14,121,0,1,0,1,0,1,8,137,129,24,21,5,4,-0.9749279121818236,144.0,153.0,125.0,139.0,131.14285714285714
57,2018-04-15,106,0,1,0,1,0,1,8,137,129,24,21,6,4,-0.7818314824680299,121.0,111.0,138.0,140.0,130.42857142857142
58,2018-04-16,134,0,1,0,1,0,0,8,137,129,24,21,0,4,0.0,106.0,139.0,144.0,125.0,129.71428571428572
59,2018-04-17,161,0,1,0,1,0,0,8,137,129,24,21,1,4,0.7818314824680298,134.0,140.0,121.0,138.0,132.71428571428572
60,2018-04-18,130,0,1,0,1,0,0,8,137,129,24,21,2,4,0.9749279121818236,161.0,125.0,106.0,144.0,133.42857142857142
61,2018-04-19,145,0,1,0,1,0,0,8,137,129,24,21,3,4,0.43388373911755823,130.0,138.0,134.0,121.0,134.42857142857142
62,2018-04-20,158,0,1,0,1,0,0,8,137,129,24,21,4,4,-0.433883739117558,145.0,144.0,161.0,106.0,136.42857142857142
63,2018-04-21,86,0,1,0,0,0,1,8,137,129,24,21,5,4,-0.9749279121818236,158.0,121.0,130.0,134.0,131.42857142857142
64,2018-04-22,99,0,1,0,1,0,1,8,137,129,24,21,6,4,-0.7818314824680299,86.0,106.0,145.0,161.0,130.42857142857142
65,2018-04-23,116,0,1,0,1,0,0,8,137,129,24,21,0,4,0.0,99.0,134.0,158.0,130.0,127.85714285714286
66,2018-04-24,140,0,1,0,1,0,0,8,137,129,24,21,1,4,0.7818314824680298,116.0,161.0,86.0,145.0,124.85714285714286
67,2018-04-25,131,0,1,0,1,0,0,8,137,129,24,21,2,4,0.9749279121818236,140.0,130.0,99.0,158.0,125.0
68,2018-04-26,147,0,1,0,1,0,0,8,137,129,24,21,3,4,0.43388373911755823,131.0,145.0,116.0,86.0,125.28571428571429
69,2018-04-27,128,0,1,0,1,0,0,8,137,129,24,21,4,4,-0.433883739117558,147.0,158.0,140.0,99.0,121.0
70,2018-04-28,99,0,1,0,1,1,1,8,137,129,24,21,5,4,-0.9749279121818236,128.0,86.0,131.0,116.0,122.85714285714286
71,2018-04-29,105,0,1,0,1,1,1,8,137,129,24,21,6,4,-0.7818314824680299,99.0,99.0,147.0,140.0,123.71428571428571
72,2018-04-30,98,0,1,0,0,1,0,8,137,129,24,21,0,4,0.0,105.0,116.0,128.0,131.0,121.14285714285714
73,2018-05-01,79,0,1,0,0,0,0,8,136,122,38,33,1,5,0.7818314824680298,98.0,140.0,99.0,147.0,112.42857142857143
74,2018-05-02,121,0,1,0,1,0,0,8,136,137,38,41,2,5,0.9749279121818236,79.0,131.0,105.0,128.0,111.0
75,2018-05-03,110,0,1,0,1,0,0,8,136,139,38,36,3,5,0.43388373911755823,121.0,147.0,98.0,99.0,105.71428571428571
76,2018-05-04,140,0,1,0,1,0,0,8,137,129,24,21,4,5,-0.433883739117558,110.0,128.0,79.0,105.0,107.42857142857143
77,2018-05-05,166,0,1,0,1,1,1,8,137,138,24,29,5,5,-0.9749279121818236,140.0,99.0,121.0,98.0,117.0
78,2018-05-06,159,0,1,0,1,1,1,8,137,144,24,20,6,5,-0.7818314824680299,166.0,105.0,110.0,79.0,124.71428571428571
79,2018-05-07,149,0,1,0,1,1,0,8,134,130,23,21,0,5,0.0,159.0,98.0,140.0,121.0,132.0
80,2018-05-08,160,0,1,0,1,1,0,8,134,134,23,24,1,5,0.7818314824680298,149.0,79.0,166.0,110.0,143.57142857142858
81,2018-05-09,189,1,0,0,1,1,0,8,134,141,23,23,2,5,0.9749279121818236,160.0,121.0,159.0,140.0,153.28571428571428
82,2018-05-14,140,0,0,1,1,0,0,8,137,138,24,29,0,5,0.0,189.0,110.0,149.0,166.0,157.57142857142858
83,2018-05-15,127,0,0,1,1,0,0,8,137,138,24,29,1,5,0.7818314824680298,140.0,140.0,160.0,159.0,155.71428571428572
84,2018-05-16,109,0,1,0,1,0,0,8,137,138,24,29,2,5,0.9749279121818236,127.0,166.0,189.0,149.0,147.57142857142858
85,2018-05-17,116,0,1,0,1,0,0,8,137,138,24,29,3,5,0.43388373911755823,109.0,159.0,140.0,160.0,141.42857142857142
86,2018-05-18,129,0,1,0,1,0,0,8,137,138,24,29,4,5,-0.433883739117558,116.0,149.0,127.0,189.0,138.57142857142858
87,2018-05-19,144,0,1,0,1,0,1,8,137,138,24,29,5,5,-0.9749279121818236,129.0,160.0,109.0,140.0,136.28571428571428
88,2018-05-20,136,0,1,0,1,0,1,8,137,138,24,29,6,5,-0.7818314824680299,144.0,189.0,116.0,127.0,128.71428571428572
89,2018-05-21,110,0,1,0,1,0,0,8,137,138,24,29,0,5,0.0,136.0,140.0,129.0,109.0,124.42857142857143
90,2018-05-22,139,0,1,0,1,0,0,8,137,138,24,29,1,5,0.7818314824680298,110.0,127.0,144.0,116.0,126.14285714285714
91,2018-05-23,155,0,1,0,1,0,0,8,137,138,24,29,2,5,0.9749279121818236,139.0,109.0,136.0,129.0,132.71428571428572
92,2018-05-24,126,0,1,0,1,0,0,8,137,138,24,29,3,5,0.43388373911755823,155.0,116.0,110.0,144.0,134.14285714285714
93,2018-05-25,181,0,1,0,1,0,0,8,137,138,24,29,4,5,-0.433883739117558,126.0,129.0,139.0,136.0,141.57142857142858
94,2018-05-26,141,0,1,0,1,0,1,9,137,138,24,29,5,5,-0.9749279121818236,181.0,144.0,155.0,110.0,141.14285714285714
95,2018-05-27,127,0,1,0,1,0,1,9,137,138,24,29,6,5,-0.7818314824680299,141.0,136.0,126.0,139.0,139.85714285714286
96,2018-05-28,137,0,1,0,1,1,0,9,137,138,24,29,0,5,0.0,127.0,110.0,181.0,155.0,143.71428571428572
97,2018-05-29,108,0,1,0,1,1,0,9,137,138,24,29,1,5,0.7818314824680298,137.0,139.0,141.0,126.0,139.28571428571428
98,2018-05-30,124,0,1,0,1,1,0,9,137,138,24,29,2,5,0.9749279121818236,108.0,155.0,127.0,181.0,134.85714285714286
99,2018-05-31,89,0,1,0,0,1,0,9,137,138,24,29,3,5,0.43388373911755823,124.0,126.0,137.0,141.0,129.57142857142858
100,2018-06-01,106,0,1,0,0,0,0,9,136,122,38,33,4,6,-0.433883739117558,89.0,181.0,108.0,127.0,118.85714285714286
101,2018-06-02,139,0,1,0,1,0,1,9,136,137,38,41,5,6,-0.9749279121818236,106.0,141.0,124.0,137.0,118.57142857142857
102,2018-06-03,163,0,1,0,1,0,1,9,136,139,38,36,6,6,-0.7818314824680299,139.0,127.0,89.0,108.0,123.71428571428571
103,2018-06-04,149,0,1,0,1,0,0,9,137,129,24,21,0,6,0.0,163.0,137.0,106.0,124.0,125.42857142857143
104,2018-06-05,161,0,1,0,1,1,0,9,137,138,24,29,1,6,0.7818314824680298,149.0,108.0,139.0,89.0,133.0
105,2018-06-06,139,0,1,0,1,1,0,9,137,144,24,20,2,6,0.9749279121818236,161.0,124.0,163.0,106.0,135.14285714285714
106,2018-06-07,150,0,1,0,1,1,0,9,134,130,23,21,3,6,0.43388373911755823,139.0,89.0,149.0,139.0,143.85714285714286
107,2018-06-08,144,0,1,0,1,1,0,9,134,134,23,24,4,6,-0.433883739117558,150.0,106.0,161.0,163.0,149.28571428571428
108,2018-06-09,166,0,1,0,1,1,1,9,134,141,23,23,5,6,-0.9749279121818236,144.0,139.0,139.0,149.0,153.14285714285714
109,2018-06-10,186,0,1,0,1,1,1,9,133,129,46,31,6,6,-0.7818314824680299,166.0,163.0,150.0,161.0,156.42857142857142
110,2018-06-11,155,0,1,0,1,0,0,9,133,134,46,29,0,6,0.0,186.0,149.0,144.0,139.0,157.28571428571428
111,2018-06-12,139,0,1,0,1,0,0,9,133,135,46,68,1,6,0.7818314824680298,155.0,161.0,166.0,150.0,154.14285714285714
112,2018-06-13,167,0,1,0,1,0,0,9,137,144,24,20,2,6,0.9749279121818236,139.0,139.0,186.0,144.0,158.14285714285714
113,2018-06-14,175,0,1,0,1,0,0,9,137,144,24,20,3,6,0.43388373911755823,167.0,150.0,155.0,166.0,161.71428571428572
114,2018-06-15,147,0,1,0,1,0,0,9,137,144,24,20,4,6,-0.433883739117558,175.0,144.0,139.0,186.0,162.14285714285714
115,2018-06-16,129,0,1,0,1,0,1,9,137,144,24,20,5,6,-0.9749279121818236,147.0,166.0,167.0,155.0,156.85714285714286
116,2018-06-17,177,0,1,0,1,0,1,9,137,144,24,20,6,6,-0.7818314824680299,129.0,186.0,175.0,139.0,155.57142857142858
117,2018-06-18,149,0,1,0,1,0,0,9,137,144,24,20,0,6,0.0,177.0,155.0,147.0,167.0,154.71428571428572
118,2018-06-19,138,0,1,0,1,0,0,9,137,144,24,20,1,6,0.7818314824680298,149.0,139.0,129.0,175.0,154.57142857142858
119,2018-06-20,140,0,1,0,1,0,0,9,137,144,24,20,2,6,0.9749279121818236,138.0,167.0,177.0,147.0,150.71428571428572
120,2018-06-21,138,0,1,0,1,0,0,9,137,144,24,20,3,6,0.43388373911755823,140.0,175.0,149.0,129.0,145.42857142857142
121,2018-06-22,155,0,1,0,1,0,0,9,137,144,24,20,4,6,-0.433883739117558,138.0,147.0,138.0,177.0,146.57142857142858
122,2018-06-23,149,0,1,0,1,0,1,9,137,144,24,20,5,6,-0.9749279121818236,155.0,129.0,140.0,149.0,149.42857142857142
123,2018-06-24,179,0,1,0,1,0,1,9,137,144,24,20,6,6,-0.7818314824680299,149.0,177.0,138.0,138.0,149.71428571428572
124,2018-06-25,148,0,1,0,1,0,0,9,137,144,24,20,0,6,0.0,179.0,149.0,155.0,140.0,149.57142857142858
125,2018-06-26,129,0,1,0,1,0,0,9,137,144,24,20,1,6,0.7818314824680298,148.0,138.0,149.0,138.0,148.28571428571428
126,2018-06-27,116,0,1,0,1,0,0,9,137,144,24,20,2,6,0.9749279121818236,129.0,140.0,179.0,155.0,144.85714285714286
127,2018-06-28,146,0,1,0,1,1,0,9,137,144,24,20,3,6,0.43388373911755823,116.0,138.0,148.0,149.0,146.0
128,2018-06-29,139,0,1,0,1,1,0,9,137,144,24,20,4,6,-0.433883739117558,146.0,155.0,129.0,179.0,143.71428571428572
129,2018-06-30,177,0,1,0,1,1,1,9,137,144,24,20,5,6,-0.9749279121818236,139.0,149.0,116.0,148.0,147.71428571428572
130,2018-07-01,195,0,1,0,1,0,1,9,136,122,38,33,6,7,-0.7818314824680299,177.0,179.0,146.0,129.0,150.0
131,2018-07-02,149,0,1,0,1,0,0,9,136,137,38,41,0,7,0.0,195.0,148.0,139.0,116.0,150.14285714285714
132,2018-07-03,131,0,1,0,1,0,0,9,136,139,38,36,1,7,0.7818314824680298,149.0,129.0,177.0,146.0,150.42857142857142
133,2018-07-04,157,0,1,0,1,0,0,9,137,129,24,21,2,7,0.9749279121818236,131.0,116.0,195.0,139.0,156.28571428571428
134,2018-07-05,170,0,1,0,1,1,0,9,137,138,24,29,3,7,0.43388373911755823,157.0,146.0,149.0,177.0,159.71428571428572
135,2018-07-06,145,0,1,0,1,1,0,9,137,144,24,20,4,7,-0.433883739117558,170.0,139.0,131.0,195.0,160.57142857142858
136,2018-07-07,163,0,1,0,1,1,1,9,134,130,23,21,5,7,-0.9749279121818236,145.0,177.0,157.0,149.0,158.57142857142858
137,2018-07-08,188,0,1,0,1,1,1,9,134,134,23,24,6,7,-0.7818314824680299,163.0,195.0,170.0,131.0,157.57142857142858
138,2018-07-09,161,0,1,0,1,1,0,9,134,141,23,23,0,7,0.0,188.0,149.0,145.0,157.0,159.28571428571428
139,2018-07-10,149,0,1,0,1,1,0,9,133,129,46,31,1,7,0.7818314824680298,161.0,131.0,163.0,170.0,161.85714285714286
140,2018-07-11,130,0,1,0,1,0,0,9,133,134,46,29,2,7,0.9749279121818236,149.0,157.0,188.0,145.0,158.0
141,2018-07-12,114,0,1,0,1,0,0,9,133,135,46,68,3,7,0.43388373911755823,130.0,170.0,161.0,163.0,150.0
142,2018-07-13,129,0,1,0,1,0,0,9,134,130,23,21,4,7,-0.433883739117558,114.0,145.0,149.0,188.0,147.71428571428572
143,2018-07-14,138,0,1,0,1,0,1,9,134,130,23,21,5,7,-0.9749279121818236,129.0,163.0,130.0,161.0,144.14285714285714
144,2018-07-15,164,0,1,0,1,0,1,9,134,130,23,21,6,7,-0.7818314824680299,138.0,188.0,114.0,149.0,140.71428571428572
145,2018-07-16,139,0,1,0,1,0,0,9,134,130,23,21,0,7,0.0,164.0,161.0,129.0,130.0,137.57142857142858
146,2018-07-17,110,0,1,0,1,0,0,9,134,130,23,21,1,7,0.7818314824680298,139.0,149.0,138.0,114.0,132.0
147,2018-07-18,101,0,1,0,1,0,0,9,134,130,23,21,2,7,0.9749279121818236,110.0,130.0,164.0,129.0,127.85714285714286
148,2018-07-19,133,0,1,0,1,0,0,9,134,130,23,21,3,7,0.43388373911755823,101.0,114.0,139.0,138.0,130.57142857142858
149,2018-07-20,109,0,1,0,1,0,0,9,134,130,23,21,4,7,-0.433883739117558,133.0,129.0,110.0,164.0,127.71428571428571
150,2018-07-21,139,0,1,0,1,0,1,9,134,130,23,21,5,7,-0.9749279121818236,109.0,138.0,101.0,139.0,127.85714285714286
151,2018-07-22,155,0,1,0,1,0,1,9,134,130,23,21,6,7,-0.7818314824680299,139.0,164.0,133.0,110.0,126.57142857142857
152,2018-07-23,129,0,1,0,1,0,0,9,134,130,23,21,0,7,0.0,155.0,139.0,109.0,101.0,125.14285714285714
153,2018-07-24,115,0,1,0,1,0,0,9,134,130,23,21,1,7,0.7818314824680298,129.0,110.0,139.0,133.0,125.85714285714286
154,2018-07-25,133,0,1,0,1,0,0,9,134,130,23,21,2,7,0.9749279121818236,115.0,101.0,155.0,109.0,130.42857142857142
155,2018-07-26,90,0,1,0,1,0,0,9,134,130,23,21,3,7,0.43388373911755823,133.0,133.0,129.0,139.0,124.28571428571429
156,2018-07-27,81,0,1,0,1,0,0,9,134,130,23,21,4,7,-0.433883739117558,90.0,109.0,115.0,155.0,120.28571428571429
157,2018-07-28,104,0,1,0,1,1,1,9,134,130,23,21,5,7,-0.9749279121818236,81.0,139.0,133.0,129.0,115.28571428571429
158,2018-07-29,155,0,1,0,1,1,1,9,134,130,23,21,6,7,-0.7818314824680299,104.0,155.0,90.0,115.0,115.28571428571429
159,2018-07-30,133,0,1,0,1,1,0,9,134,130,23,21,0,7,0.0,155.0,129.0,81.0,133.0,115.85714285714286
160,2018-07-31,125,0,1,0,1,1,0,9,134,130,23,21,1,7,0.7818314824680298,133.0,115.0,104.0,90.0,117.28571428571429
161,2018-08-01,149,0,1,0,1,0,0,9,136,122,38,33,2,8,0.9749279121818236,125.0,133.0,155.0,81.0,119.57142857142857
162,2018-08-02,120,0,1,0,1,0,0,9,136,137,38,41,3,8,0.43388373911755823,149.0,90.0,133.0,104.0,123.85714285714286
163,2018-08-03,151,0,1,0,1,0,0,9,136,139,38,36,4,8,-0.433883739117558,120.0,81.0,125.0,155.0,133.85714285714286
164,2018-08-04,123,0,1,0,1,0,1,9,137,129,24,21,5,8,-0.9749279121818236,151.0,104.0,149.0,133.0,136.57142857142858
165,2018-08-05,177,0,1,0,1,1,1,9,137,138,24,29,6,8,-0.7818314824680299,123.0,155.0,120.0,125.0,139.71428571428572
166,2018-08-06,144,0,1,0,1,1,0,9,137,144,24,20,0,8,0.0,177.0,133.0,151.0,149.0,141.28571428571428
167,2018-08-07,99,0,1,0,1,1,0,9,134,130,23,21,1,8,0.7818314824680298,144.0,125.0,123.0,120.0,137.57142857142858
168,2018-08-08,164,1,0,0,1,1,0,9,134,134,23,24,2,8,0.9749279121818236,99.0,149.0,177.0,151.0,139.71428571428572
169,2018-08-09,154,1,0,0,1,1,0,9,134,141,23,23,3,8,0.43388373911755823,164.0,120.0,144.0,123.0,144.57142857142858
170,2018-08-10,186,1,0,0,1,1,0,9,133,129,46,31,4,8,-0.433883739117558,154.0,151.0,99.0,177.0,149.57142857142858
171,2018-08-11,170,1,0,0,1,0,1,9,133,134,46,29,5,8,-0.9749279121818236,186.0,123.0,164.0,144.0,156.28571428571428
172,2018-08-12,153,0,0,0,1,0,1,9,133,135,46,68,6,8,-0.7818314824680299,170.0,177.0,154.0,99.0,152.85714285714286
173,2018-08-13,139,0,0,1,1,0,0,9,134,134,23,24,0,8,0.0,153.0,144.0,186.0,164.0,152.14285714285714
174,2018-08-14,106,0,0,1,1,0,0,9,134,134,23,24,1,8,0.7818314824680298,139.0,99.0,170.0,154.0,153.14285714285714
175,2018-08-15,131,0,1,0,1,0,0,9,134,134,23,24,2,8,0.9749279121818236,106.0,164.0,153.0,186.0,148.42857142857142
176,2018-08-16,121,0,1,0,1,0,0,9,134,134,23,24,3,8,0.43388373911755823,131.0,154.0,139.0,170.0,143.71428571428572
177,2018-08-17,149,0,1,0,1,0,0,9,134,134,23,24,4,8,-0.433883739117558,121.0,186.0,106.0,153.0,138.42857142857142
178,2018-08-18,155,0,1,0,1,0,1,9,134,134,23,24,5,8,-0.9749279121818236,149.0,170.0,131.0,139.0,136.28571428571428
179,2018-08-19,188,0,1,0,1,0,1,9,134,134,23,24,6,8,-0.7818314824680299,155.0,153.0,121.0,106.0,141.28571428571428
180,2018-08-20,141,0,1,0,1,0,0,10,134,134,23,24,0,8,0.0,188.0,139.0,149.0,131.0,141.57142857142858
181,2018-08-21,109,0,1,0,1,0,0,10,134,134,23,24,1,8,0.7818314824680298,141.0,106.0,155.0,121.0,142.0
182,2018-08-22,121,0,1,0,1,0,0,10,134,134,23,24,2,8,0.9749279121818236,109.0,131.0,188.0,149.0,140.57142857142858
183,2018-08-23,144,0,1,0,1,0,0,10,134,134,23,24,3,8,0.43388373911755823,121.0,121.0,141.0,155.0,143.85714285714286
184,2018-08-24,130,0,1,0,1,0,0,10,134,134,23,24,4,8,-0.433883739117558,144.0,149.0,109.0,188.0,141.14285714285714
185,2018-08-25,112,0,1,0,1,0,1,10,134,134,23,24,5,8,-0.9749279121818236,130.0,155.0,121.0,141.0,135.0
186,2018-08-26,134,0,1,0,1,0,1,10,134,134,23,24,6,8,-0.7818314824680299,112.0,188.0,144.0,109.0,127.28571428571429
187,2018-08-27,163,0,1,0,1,0,0,10,134,134,23,24,0,8,0.0,134.0,141.0,130.0,121.0,130.42857142857142
188,2018-08-28,132,0,1,0,1,1,0,10,134,134,23,24,1,8,0.7818314824680298,163.0,109.0,112.0,144.0,133.71428571428572
189,2018-08-29,119,0,1,0,1,1,0,10,134,134,23,24,2,8,0.9749279121818236,132.0,121.0,134.0,130.0,133.42857142857142
190,2018-08-30,124,0,1,0,1,1,0,10,134,134,23,24,3,8,0.43388373911755823,119.0,144.0,163.0,112.0,130.57142857142858
191,2018-08-31,91,0,1,0,1,1,0,10,134,134,23,24,4,8,-0.433883739117558,124.0,130.0,132.0,134.0,125.0
192,2018-09-01,104,0,1,0,1,0,1,10,136,122,38,33,5,9,-0.9749279121818236,91.0,112.0,119.0,163.0,123.85714285714286
193,2018-09-02,111,0,1,0,1,0,1,10,136,137,38,41,6,9,-0.7818314824680299,104.0,134.0,124.0,132.0,120.57142857142857
194,2018-09-03,103,0,1,0,1,0,0,10,136,139,38,36,0,9,0.0,111.0,163.0,91.0,119.0,112.0
195,2018-09-04,134,0,1,0,1,0,0,10,137,129,24,21,1,9,0.7818314824680298,103.0,132.0,104.0,124.0,112.28571428571429
196,2018-09-05,119,0,1,0,1,1,0,10,137,138,24,29,2,9,0.9749279121818236,134.0,119.0,111.0,91.0,112.28571428571429
197,2018-09-06,106,0,1,0,1,1,0,10,137,144,24,20,3,9,0.43388373911755823,119.0,124.0,103.0,104.0,109.71428571428571
198,2018-09-07,129,0,1,0,0,1,0,10,134,130,23,21,4,9,-0.433883739117558,106.0,91.0,134.0,111.0,115.14285714285714
199,2018-09-08,113,0,1,0,1,1,1,10,134,134,23,24,5,9,-0.9749279121818236,129.0,104.0,119.0,103.0,116.42857142857143
200,2018-09-09,155,0,1,0,1,1,1,10,134,141,23,23,6,9,-0.7818314824680299,113.0,111.0,106.0,134.0,122.71428571428571
201,2018-09-10,136,0,1,0,1,1,0,10,133,129,46,31,0,9,0.0,155.0,103.0,129.0,119.0,127.42857142857143
202,2018-09-11,104,0,1,0,1,0,0,10,133,134,46,29,1,9,0.7818314824680298,136.0,134.0,113.0,106.0,123.14285714285714
203,2018-09-12,129,0,1,0,1,0,0,10,133,135,46,68,2,9,0.9749279121818236,104.0,119.0,155.0,129.0,124.57142857142857
204,2018-09-13,109,0,1,0,1,0,0,10,134,141,23,23,3,9,0.43388373911755823,129.0,106.0,136.0,113.0,125.0
205,2018-09-14,128,0,1,0,1,0,0,10,134,141,23,23,4,9,-0.433883739117558,109.0,129.0,104.0,155.0,124.85714285714286
206,2018-09-15,159,0,1,0,1,0,1,10,134,141,23,23,5,9,-0.9749279121818236,128.0,113.0,129.0,136.0,131.42857142857142
207,2018-09-16,177,0,1,0,1,0,1,10,134,141,23,23,6,9,-0.7818314824680299,159.0,155.0,109.0,104.0,134.57142857142858
208,2018-09-17,130,0,1,0,1,0,0,10,134,141,23,23,0,9,0.0,177.0,136.0,128.0,129.0,133.71428571428572
209,2018-09-18,152,0,1,0,1,0,0,10,134,141,23,23,1,9,0.7818314824680298,130.0,104.0,159.0,109.0,140.57142857142858
210,2018-09-19,105,0,1,0,1,0,0,10,134,141,23,23,2,9,0.9749279121818236,152.0,129.0,177.0,128.0,137.14285714285714
211,2018-09-20,129,0,1,0,1,0,0,10,134,141,23,23,3,9,0.43388373911755823,105.0,109.0,130.0,159.0,140.0
212,2018-09-21,115,0,1,0,1,0,0,10,134,141,23,23,4,9,-0.433883739117558,129.0,128.0,152.0,177.0,138.14285714285714
213,2018-09-22,148,0,1,0,1,0,1,10,134,141,23,23,5,9,-0.9749279121818236,115.0,159.0,105.0,130.0,136.57142857142858
214,2018-09-23,109,0,1,0,1,0,1,10,134,141,23,23,6,9,-0.7818314824680299,148.0,177.0,129.0,152.0,126.85714285714286
215,2018-09-24,130,0,1,0,1,0,0,10,134,141,23,23,0,9,0.0,109.0,130.0,115.0,105.0,126.85714285714286
216,2018-09-25,123,0,1,0,1,0,0,10,134,141,23,23,1,9,0.7818314824680298,130.0,152.0,148.0,129.0,122.71428571428571
217,2018-09-26,109,0,1,0,1,0,0,10,134,141,23,23,2,9,0.9749279121818236,123.0,105.0,109.0,115.0,123.28571428571429
218,2018-09-27,143,0,1,0,1,0,0,10,134,141,23,23,3,9,0.43388373911755823,109.0,129.0,130.0,148.0,125.28571428571429
219,2018-09-28,129,0,1,0,1,1,0,10,134,141,23,23,4,9,-0.433883739117558,143.0,115.0,123.0,109.0,127.28571428571429
220,2018-09-29,151,0,1,0,1,1,1,10,134,141,23,23,5,9,-0.9749279121818236,129.0,148.0,109.0,130.0,127.71428571428571
221,2018-09-30,166,0,1,0,1,1,1,10,134,141,23,23,6,9,-0.7818314824680299,151.0,109.0,143.0,123.0,135.85714285714286
222,2018-10-01,131,0,1,0,1,0,0,10,136,122,38,33,0,10,0.0,166.0,130.0,129.0,109.0,136.0
223,2018-10-02,155,0,1,0,1,0,0,10,136,137,38,41,1,10,0.7818314824680298,131.0,123.0,151.0,143.0,140.57142857142858
224,2018-10-03,148,0,1,0,1,0,0,10,136,139,38,36,2,10,0.9749279121818236,155.0,109.0,166.0,129.0,146.14285714285714
225,2018-10-04,104,0,1,0,1,0,0,10,137,129,24,21,3,10,0.43388373911755823,148.0,143.0,131.0,151.0,140.57142857142858
226,2018-10-05,121,0,1,0,1,1,0,10,137,138,24,29,4,10,-0.433883739117558,104.0,129.0,155.0,166.0,139.42857142857142
227,2018-10-06,132,0,1,0,1,1,1,10,137,144,24,20,5,10,-0.9749279121818236,121.0,151.0,148.0,131.0,136.71428571428572
228,2018-10-07,122,0,1,0,1,1,1,10,134,130,23,21,6,10,-0.7818314824680299,132.0,166.0,104.0,155.0,130.42857142857142
229,2018-10-08,109,0,1,0,1,1,0,10,134,134,23,24,0,10,0.0,122.0,131.0,121.0,148.0,127.28571428571429
230,2018-10-09,128,0,1,0,1,1,0,10,134,141,23,23,1,10,0.7818314824680298,109.0,155.0,132.0,104.0,123.42857142857143
231,2018-10-10,100,0,1,0,1,1,0,10,133,129,46,31,2,10,0.9749279121818236,128.0,148.0,122.0,121.0,116.57142857142857
232,2018-10-11,89,0,1,0,1,0,0,10,133,134,46,29,3,10,0.43388373911755823,100.0,104.0,109.0,132.0,114.42857142857143
233,2018-10-13,88,0,1,0,1,0,1,10,133,129,46,31,5,10,-0.9749279121818236,89.0,121.0,128.0,122.0,109.71428571428571
234,2018-10-14,73,0,1,0,1,0,1,10,133,129,46,31,6,10,-0.7818314824680299,88.0,132.0,100.0,109.0,101.28571428571429
235,2018-10-15,104,0,1,0,1,0,0,10,133,129,46,31,0,10,0.0,73.0,122.0,89.0,128.0,98.71428571428571
236,2018-10-16,111,0,1,0,1,0,0,10,133,129,46,31,1,10,0.7818314824680298,104.0,109.0,88.0,100.0,99.0
237,2018-10-17,125,0,1,0,1,0,0,10,133,129,46,31,2,10,0.9749279121818236,111.0,128.0,73.0,89.0,98.57142857142857
238,2018-10-18,101,0,1,0,1,0,0,10,133,129,46,31,3,10,0.43388373911755823,125.0,100.0,104.0,88.0,98.71428571428571
239,2018-10-19,153,0,1,0,1,0,0,10,133,129,46,31,4,10,-0.433883739117558,101.0,89.0,111.0,73.0,107.85714285714286
240,2018-10-20,131,0,1,0,1,0,1,10,133,129,46,31,5,10,-0.9749279121818236,153.0,88.0,125.0,104.0,114.0
241,2018-10-21,121,0,1,0,1,0,1,10,133,129,46,31,6,10,-0.7818314824680299,131.0,73.0,101.0,111.0,120.85714285714286
242,2018-10-22,141,0,1,0,1,0,0,10,133,129,46,31,0,10,0.0,121.0,104.0,153.0,125.0,126.14285714285714
243,2018-10-23,144,0,1,0,1,0,0,10,133,129,46,31,1,10,0.7818314824680298,141.0,111.0,131.0,101.0,130.85714285714286
244,2018-10-24,163,0,1,0,1,0,0,10,133,129,46,31,2,10,0.9749279121818236,144.0,125.0,121.0,153.0,136.28571428571428
245,2018-10-25,104,0,1,0,1,0,0,10,133,129,46,31,3,10,0.43388373911755823,163.0,101.0,141.0,131.0,136.71428571428572
246,2018-10-26,130,0,1,0,1,0,0,10,133,129,46,31,4,10,-0.433883739117558,104.0,153.0,144.0,121.0,133.42857142857142
247,2018-10-27,128,0,1,0,1,0,1,10,133,129,46,31,5,10,-0.9749279121818236,130.0,131.0,163.0,141.0,133.0
248,2018-10-28,116,0,1,0,1,1,1,10,133,129,46,31,6,10,-0.7818314824680299,128.0,121.0,104.0,144.0,132.28571428571428
249,2018-10-29,104,0,1,0,1,1,0,10,133,129,46,31,0,10,0.0,116.0,141.0,130.0,163.0,127.0
250,2018-10-30,129,0,1,0,1,1,0,10,133,129,46,31,1,10,0.7818314824680298,104.0,144.0,128.0,104.0,124.85714285714286
251,2018-10-31,136,0,1,0,1,1,0,10,133,129,46,31,2,10,0.9749279121818236,129.0,163.0,116.0,130.0,121.0
252,2018-11-01,88,0,1,0,1,0,0,10,136,122,38,33,3,11,0.43388373911755823,136.0,104.0,104.0,128.0,118.71428571428571
253,2018-11-03,90,0,1,0,1,0,1,10,136,139,38,36,5,11,-0.9749279121818236,88.0,130.0,129.0,116.0,113.0
254,2018-11-04,122,0,1,0,1,0,1,10,137,129,24,21,6,11,-0.7818314824680299,90.0,128.0,136.0,104.0,112.14285714285714
255,2018-11-05,108,0,1,0,1,1,0,10,137,138,24,29,0,11,0.0,122.0,116.0,88.0,129.0,111.0
256,2018-11-06,115,0,1,0,1,1,0,10,137,144,24,20,1,11,0.7818314824680298,108.0,104.0,90.0,136.0,112.57142857142857
257,2018-11-07,129,0,1,0,1,1,0,10,134,130,23,21,2,11,0.9749279121818236,115.0,129.0,122.0,88.0,112.57142857142857
258,2018-11-08,100,0,1,0,1,1,0,10,134,134,23,24,3,11,0.43388373911755823,129.0,136.0,108.0,90.0,107.42857142857143
259,2018-11-09,109,0,1,0,1,1,0,10,134,141,23,23,4,11,-0.433883739117558,100.0,88.0,115.0,122.0,110.42857142857143
260,2018-11-10,73,0,1,0,1,1,1,10,133,129,46,31,5,11,-0.9749279121818236,109.0,90.0,129.0,108.0,108.0
261,2018-11-11,153,0,1,0,1,0,1,10,133,134,46,29,6,11,-0.7818314824680299,73.0,122.0,100.0,115.0,112.42857142857143
262,2018-11-12,104,0,1,0,1,0,0,10,133,135,46,68,0,11,0.0,153.0,108.0,109.0,129.0,111.85714285714286
263,2018-11-13,106,0,1,0,1,0,0,10,133,134,46,29,1,11,0.7818314824680298,104.0,115.0,73.0,100.0,110.57142857142857
264,2018-11-14,125,0,1,0,1,0,0,10,133,134,46,29,2,11,0.9749279121818236,106.0,129.0,153.0,109.0,110.0
265,2018-11-15,123,0,1,0,0,0,0,10,133,134,46,29,3,11,0.43388373911755823,125.0,100.0,104.0,73.0,113.28571428571429
266,2018-11-16,89,0,1,0,0,0,0,10,133,134,46,29,4,11,-0.433883739117558,123.0,109.0,106.0,153.0,110.42857142857143
267,2018-11-17,106,0,1,0,1,0,1,10,133,134,46,29,5,11,-0.9749279121818236,89.0,73.0,125.0,104.0,115.14285714285714
268,2018-11-18,122,0,1,0,1,0,1,10,133,134,46,29,6,11,-0.7818314824680299,106.0,153.0,123.0,106.0,110.71428571428571
269,2018-11-19,89,0,1,0,1,0,0,10,133,134,46,29,0,11,0.0,122.0,104.0,89.0,125.0,108.57142857142857
270,2018-11-20,148,0,1,0,1,0,0,10,133,134,46,29,1,11,0.7818314824680298,89.0,106.0,106.0,123.0,114.57142857142857
271,2018-11-21,131,0,1,0,1,0,0,10,133,134,46,29,2,11,0.9749279121818236,148.0,125.0,122.0,89.0,115.42857142857143
272,2018-11-22,154,0,1,0,1,0,0,10,133,134,46,29,3,11,0.43388373911755823,131.0,123.0,89.0,106.0,119.85714285714286
273,2018-11-23,148,0,1,0,1,0,0,10,133,134,46,29,4,11,-0.433883739117558,154.0,89.0,148.0,122.0,128.28571428571428
274,2018-11-24,107,0,1,0,1,0,1,10,133,134,46,29,5,11,-0.9749279121818236,148.0,106.0,131.0,89.0,128.42857142857142
275,2018-11-25,139,0,1,0,1,0,1,10,133,134,46,29,6,11,-0.7818314824680299,107.0,122.0,154.0,148.0,130.85714285714286
276,2018-11-26,119,0,1,0,1,0,0,10,133,134,46,29,0,11,0.0,139.0,89.0,148.0,131.0,135.14285714285714
277,2018-11-27,148,0,1,0,1,0,0,10,133,134,46,29,1,11,0.7818314824680298,119.0,148.0,107.0,154.0,135.14285714285714
278,2018-11-28,137,0,1,0,1,1,0,10,133,134,46,29,2,11,0.9749279121818236,148.0,131.0,139.0,148.0,136.0
279,2018-11-29,151,0,1,0,1,1,0,10,133,134,46,29,3,11,0.43388373911755823,137.0,154.0,119.0,107.0,135.57142857142858
280,2018-11-30,164,0,1,0,1,1,0,10,133,134,46,29,4,11,-0.433883739117558,151.0,148.0,148.0,139.0,137.85714285714286
281,2018-12-01,128,0,1,0,1,0,1,10,136,122,38,33,5,12,-0.9749279121818236,164.0,107.0,137.0,119.0,140.85714285714286
282,2018-12-02,158,0,1,0,1,0,1,10,136,137,38,41,6,12,-0.7818314824680299,128.0,139.0,151.0,148.0,143.57142857142858
283,2018-12-03,139,0,1,0,1,0,0,10,136,139,38,36,0,12,0.0,158.0,119.0,164.0,137.0,146.42857142857142
284,2018-12-04,151,0,1,0,1,0,0,10,137,129,24,21,1,12,0.7818314824680298,139.0,148.0,128.0,151.0,146.85714285714286
285,2018-12-05,166,0,1,0,1,1,0,10,137,138,24,29,2,12,0.9749279121818236,151.0,137.0,158.0,164.0,151.0
286,2018-12-06,128,0,1,0,1,1,0,10,137,144,24,20,3,12,0.43388373911755823,166.0,151.0,139.0,128.0,147.71428571428572
287,2018-12-07,155,0,1,0,1,1,0,10,134,130,23,21,4,12,-0.433883739117558,128.0,164.0,151.0,158.0,146.42857142857142
288,2018-12-08,139,0,1,0,1,1,1,10,134,134,23,24,5,12,-0.9749279121818236,155.0,128.0,166.0,139.0,148.0
289,2018-12-09,167,0,1,0,1,1,1,10,134,141,23,23,6,12,-0.7818314824680299,139.0,158.0,128.0,151.0,149.28571428571428
290,2018-12-10,149,0,1,0,1,1,0,10,133,129,46,31,0,12,0.0,167.0,139.0,155.0,166.0,150.71428571428572
291,2018-12-11,153,0,1,0,1,0,0,10,133,134,46,29,1,12,0.7818314824680298,149.0,151.0,139.0,128.0,151.0
292,2018-12-12,149,0,1,0,1,0,0,10,133,135,46,68,2,12,0.9749279121818236,153.0,166.0,167.0,155.0,148.57142857142858
293,2018-12-13,186,0,1,0,1,0,0,10,133,135,46,68,3,12,0.43388373911755823,149.0,128.0,149.0,139.0,156.85714285714286
294,2018-12-14,155,0,1,0,1,0,0,10,133,135,46,68,4,12,-0.433883739117558,186.0,155.0,153.0,167.0,156.85714285714286
295,2018-12-15,161,0,1,0,1,0,1,10,133,135,46,68,5,12,-0.9749279121818236,155.0,139.0,149.0,149.0,160.0
296,2018-12-16,183,0,1,0,1,0,1,10,133,135,46,68,6,12,-0.7818314824680299,161.0,167.0,186.0,153.0,162.28571428571428
297,2018-12-17,152,0,1,0,1,0,0,10,133,135,46,68,0,12,0.0,183.0,149.0,155.0,149.0,162.71428571428572
298,2018-12-18,139,0,1,0,1,0,0,10,133,135,46,68,1,12,0.7818314824680298,152.0,153.0,161.0,186.0,160.71428571428572
299,2018-12-19,168,0,1,0,1,0,0,10,133,135,46,68,2,12,0.9749279121818236,139.0,149.0,183.0,155.0,163.42857142857142
300,2018-12-20,175,0,1,0,1,0,0,10,133,135,46,68,3,12,0.43388373911755823,168.0,186.0,152.0,161.0,161.85714285714286
301,2018-12-21,164,1,0,0,1,0,0,10,133,135,46,68,4,12,-0.433883739117558,175.0,155.0,139.0,183.0,163.14285714285714
302,2018-12-26,139,1,0,1,1,0,0,10,133,135,46,68,2,12,0.9749279121818236,164.0,161.0,168.0,152.0,160.0
303,2018-12-27,108,1,0,1,1,0,0,10,133,135,46,68,3,12,0.43388373911755823,139.0,183.0,175.0,139.0,149.28571428571428
304,2018-12-28,126,1,0,0,1,1,0,10,133,135,46,68,4,12,-0.433883739117558,108.0,152.0,164.0,168.0,145.57142857142858
305,2019-01-02,87,0,0,1,1,0,0,10,116,119,27,29,2,1,0.9749279121818236,126.0,139.0,139.0,175.0,138.14285714285714
306,2019-01-03,99,0,0,1,1,0,0,10,116,119,27,26,3,1,0.43388373911755823,87.0,168.0,108.0,164.0,128.28571428571428
307,2019-01-04,81,0,1,0,1,0,0,10,118,116,26,34,4,1,-0.433883739117558,99.0,175.0,126.0,139.0,114.85714285714286
308,2019-01-05,79,0,1,0,1,1,1,10,118,116,26,26,5,1,-0.9749279121818236,81.0,164.0,87.0,108.0,102.71428571428571
309,2019-01-06,89,0,1,0,1,1,1,10,118,121,26,17,6,1,-0.7818314824680299,79.0,139.0,99.0,126.0,95.57142857142857
310,2019-01-07,105,0,1,0,1,1,0,10,118,116,23,19,0,1,0.0,89.0,108.0,81.0,87.0,95.14285714285714
311,2019-01-08,87,0,1,0,1,1,0,10,118,117,23,24,1,1,0.7818314824680298,105.0,126.0,79.0,99.0,89.57142857142857
312,2019-01-09,98,0,1,0,1,1,0,10,118,122,23,25,2,1,0.9749279121818236,87.0,87.0,89.0,81.0,91.14285714285714
313,2019-01-10,101,0,1,0,1,1,0,10,122,124,35,23,3,1,0.43388373911755823,98.0,99.0,105.0,79.0,91.42857142857143
314,2019-01-11,85,0,1,0,1,0,0,10,122,125,35,20,4,1,-0.433883739117558,101.0,81.0,87.0,89.0,92.0
315,2019-01-13,86,0,1,0,1,0,1,10,116,109,27,26,6,1,-0.7818314824680299,85.0,79.0,98.0,105.0,93.0
316,2019-01-14,94,0,1,0,1,0,0,10,116,109,27,26,0,1,0.0,86.0,89.0,101.0,87.0,93.71428571428571
317,2019-01-15,128,0,1,0,1,0,0,10,116,109,27,26,1,1,0.7818314824680298,94.0,105.0,85.0,98.0,97.0
318,2019-01-16,113,0,1,0,1,0,0,10,116,109,27,26,2,1,0.9749279121818236,128.0,87.0,86.0,101.0,100.71428571428571
319,2019-01-17,97,0,1,0,1,0,0,10,116,109,27,26,3,1,0.43388373911755823,113.0,98.0,94.0,85.0,100.57142857142857
320,2019-01-18,100,0,1,0,1,0,0,10,116,109,27,26,4,1,-0.433883739117558,97.0,101.0,128.0,86.0,100.42857142857143
321,2019-01-19,78,0,1,0,1,0,1,10,116,109,27,26,5,1,-0.9749279121818236,100.0,85.0,113.0,94.0,99.42857142857143
322,2019-01-20,104,0,1,0,1,0,1,10,116,109,27,26,6,1,-0.7818314824680299,78.0,86.0,97.0,128.0,102.0
323,2019-01-21,128,0,1,0,1,0,0,10,116,109,27,26,0,1,0.0,104.0,94.0,100.0,113.0,106.85714285714286
324,2019-01-22,119,0,1,0,1,0,0,10,116,109,27,26,1,1,0.7818314824680298,128.0,128.0,78.0,97.0,105.57142857142857
325,2019-01-23,130,0,1,0,1,0,0,10,116,109,27,26,2,1,0.9749279121818236,119.0,113.0,104.0,100.0,108.0
326,2019-01-24,125,0,1,0,1,0,0,10,116,109,27,26,3,1,0.43388373911755823,130.0,97.0,128.0,78.0,112.0
327,2019-01-25,117,0,1,0,1,0,0,10,116,109,27,26,4,1,-0.433883739117558,125.0,100.0,119.0,104.0,114.42857142857143
328,2019-01-26,105,0,1,0,1,0,1,10,116,109,27,26,5,1,-0.9749279121818236,117.0,78.0,130.0,128.0,118.28571428571429
329,2019-01-27,120,0,1,0,1,0,1,10,116,109,27,26,6,1,-0.7818314824680299,105.0,104.0,125.0,119.0,120.57142857142857
330,2019-01-28,106,0,1,0,1,1,0,10,116,109,27,26,0,1,0.0,120.0,128.0,117.0,130.0,117.42857142857143
331,2019-01-29,98,0,1,0,1,1,0,10,116,109,27,26,1,1,0.7818314824680298,106.0,119.0,105.0,125.0,114.42857142857143
332,2019-01-30,86,0,1,0,1,1,0,10,116,109,27,26,2,1,0.9749279121818236,98.0,130.0,120.0,117.0,108.14285714285714
333,2019-01-31,127,0,1,0,1,1,0,10,116,109,27,26,3,1,0.43388373911755823,86.0,125.0,106.0,105.0,108.42857142857143
334,2019-02-01,106,0,1,0,1,0,0,10,116,109,27,26,4,2,-0.433883739117558,127.0,117.0,98.0,120.0,106.85714285714286
335,2019-02-02,95,0,1,0,1,0,1,10,116,119,27,29,5,2,-0.9749279121818236,106.0,105.0,86.0,106.0,105.42857142857143
336,2019-02-03,108,0,1,0,1,0,1,10,116,119,27,26,6,2,-0.7818314824680299,95.0,120.0,127.0,98.0,103.71428571428571
337,2019-02-04,117,0,1,0,1,0,0,10,118,116,26,34,0,2,0.0,108.0,106.0,106.0,86.0,105.28571428571429
338,2019-02-05,126,0,1,0,1,1,0,10,118,116,26,26,1,2,0.7818314824680298,117.0,98.0,95.0,127.0,109.28571428571429
339,2019-02-06,148,0,1,0,1,1,0,10,118,121,26,17,2,2,0.9749279121818236,126.0,86.0,108.0,106.0,118.14285714285714
340,2019-02-07,131,0,1,0,1,1,0,10,118,116,23,19,3,2,0.43388373911755823,148.0,127.0,117.0,95.0,118.71428571428571
341,2019-02-08,134,0,1,0,1,1,0,10,118,117,23,24,4,2,-0.433883739117558,131.0,106.0,126.0,108.0,122.71428571428571
342,2019-02-09,159,0,1,0,1,1,1,10,118,122,23,25,5,2,-0.9749279121818236,134.0,95.0,148.0,117.0,131.85714285714286
343,2019-02-10,130,0,1,0,1,1,1,10,122,124,35,23,6,2,-0.7818314824680299,159.0,108.0,131.0,126.0,135.0
344,2019-02-11,139,0,1,0,1,0,0,10,122,125,35,20,0,2,0.0,130.0,117.0,134.0,148.0,138.14285714285714
345,2019-02-12,117,0,1,0,1,0,0,10,122,118,35,53,1,2,0.7818314824680298,139.0,126.0,159.0,131.0,136.85714285714286
346,2019-02-13,142,0,1,0,1,0,0,10,116,119,27,29,2,2,0.9749279121818236,117.0,148.0,130.0,134.0,136.0
347,2019-02-14,128,0,1,0,1,0,0,10,116,119,27,29,3,2,0.43388373911755823,142.0,131.0,139.0,159.0,135.57142857142858
348,2019-02-15,99,0,1,0,1,0,0,10,116,119,27,29,4,2,-0.433883739117558,128.0,134.0,117.0,130.0,130.57142857142858
349,2019-02-16,128,0,1,0,1,0,1,10,116,119,27,29,5,2,-0.9749279121818236,99.0,159.0,142.0,139.0,126.14285714285714
350,2019-02-17,105,0,1,0,1,0,1,10,116,119,27,29,6,2,-0.7818314824680299,128.0,130.0,128.0,117.0,122.57142857142857
351,2019-02-18,138,0,1,0,1,0,0,10,116,119,27,29,0,2,0.0,105.0,139.0,99.0,142.0,122.42857142857143
352,2019-02-19,118,0,1,0,1,0,0,10,116,119,27,29,1,2,0.7818314824680298,138.0,117.0,128.0,128.0,122.57142857142857
353,2019-02-20,122,0,1,0,1,0,0,10,116,119,27,29,2,2,0.9749279121818236,118.0,142.0,105.0,99.0,119.71428571428571
354,2019-02-21,131,0,1,0,1,0,0,10,116,119,27,29,3,2,0.43388373911755823,122.0,128.0,138.0,128.0,120.14285714285714
355,2019-02-22,107,0,1,0,1,0,0,10,116,119,27,29,4,2,-0.433883739117558,131.0,99.0,118.0,105.0,121.28571428571429
356,2019-02-23,150,0,1,0,1,0,1,10,116,119,27,29,5,2,-0.9749279121818236,107.0,128.0,122.0,138.0,124.42857142857143
357,2019-02-24,145,0,1,0,1,0,1,10,116,119,27,29,6,2,-0.7818314824680299,150.0,105.0,131.0,118.0,130.14285714285714
358,2019-02-25,149,0,1,0,1,0,0,10,116,119,27,29,0,2,0.0,145.0,138.0,107.0,122.0,131.71428571428572
359,2019-02-26,138,0,1,0,1,0,0,10,116,119,27,29,1,2,0.7818314824680298,149.0,118.0,150.0,131.0,134.57142857142858
360,2019-02-27,163,1,0,0,1,0,0,10,116,119,27,29,2,2,0.9749279121818236,138.0,122.0,145.0,107.0,140.42857142857142
361,2019-02-28,141,1,0,0,1,1,0,10,116,119,27,29,3,2,0.43388373911755823,163.0,131.0,149.0,150.0,141.85714285714286
362,2019-03-01,130,1,0,0,1,0,0,10,116,109,27,26,4,3,-0.433883739117558,141.0,107.0,138.0,145.0,145.14285714285714
363,2019-03-02,107,1,0,0,1,0,1,10,116,119,27,29,5,3,-0.9749279121818236,130.0,150.0,163.0,149.0,139.0
364,2019-03-07,85,0,0,1,1,1,0,10,118,116,23,19,3,3,0.43388373911755823,107.0,145.0,141.0,138.0,130.42857142857142
365,2019-03-08,77,0,1,0,1,1,0,10,118,117,23,24,4,3,-0.433883739117558,85.0,149.0,130.0,163.0,120.14285714285714
366,2019-03-10,112,0,1,0,1,1,1,10,122,124,35,23,6,3,-0.7818314824680299,77.0,138.0,107.0,141.0,116.42857142857143
367,2019-03-11,134,0,1,0,1,0,0,10,122,125,35,20,0,3,0.0,112.0,163.0,85.0,130.0,112.28571428571429
368,2019-03-12,136,0,1,0,1,0,0,10,122,118,35,53,1,3,0.7818314824680298,134.0,141.0,77.0,107.0,111.57142857142857
369,2019-03-13,143,0,1,0,1,0,0,10,116,119,27,26,2,3,0.9749279121818236,136.0,130.0,112.0,85.0,113.42857142857143
370,2019-03-14,120,0,1,0,1,0,0,10,116,119,27,26,3,3,0.43388373911755823,143.0,107.0,134.0,77.0,115.28571428571429
371,2019-03-15,139,0,1,0,1,0,0,10,116,119,27,26,4,3,-0.433883739117558,120.0,85.0,136.0,112.0,123.0
372,2019-03-16,148,0,1,0,1,0,1,10,116,119,27,26,5,3,-0.9749279121818236,139.0,77.0,143.0,134.0,133.14285714285714
373,2019-03-17,127,0,1,0,1,0,1,10,116,119,27,26,6,3,-0.7818314824680299,148.0,112.0,120.0,136.0,135.28571428571428
374,2019-03-18,118,0,1,0,1,0,0,10,116,119,27,26,0,3,0.0,127.0,134.0,139.0,143.0,133.0
375,2019-03-19,127,0,1,0,1,0,0,10,116,119,27,26,1,3,0.7818314824680298,118.0,136.0,148.0,120.0,131.71428571428572
376,2019-03-20,133,0,1,0,1,0,0,10,116,119,27,26,2,3,0.9749279121818236,127.0,143.0,127.0,139.0,130.28571428571428
377,2019-03-21,126,0,1,0,1,0,0,10,116,119,27,26,3,3,0.43388373911755823,133.0,120.0,118.0,148.0,131.14285714285714
378,2019-03-22,113,0,1,0,1,0,0,10,116,119,27,26,4,3,-0.433883739117558,126.0,139.0,127.0,127.0,127.42857142857143
379,2019-03-23,136,0,1,0,1,0,1,10,116,119,27,26,5,3,-0.9749279121818236,113.0,148.0,133.0,118.0,125.71428571428571
380,2019-03-24,153,0,1,0,1,0,1,10,116,119,27,26,6,3,-0.7818314824680299,136.0,127.0,126.0,127.0,129.42857142857142
381,2019-03-25,127,0,1,0,1,0,0,10,116,119,27,26,0,3,0.0,153.0,118.0,113.0,133.0,130.71428571428572
382,2019-03-26,129,0,1,0,1,0,0,10,116,119,27,26,1,3,0.7818314824680298,127.0,127.0,136.0,126.0,131.0
383,2019-03-27,118,0,1,0,1,0,0,10,116,119,27,26,2,3,0.9749279121818236,129.0,133.0,153.0,113.0,128.85714285714286
384,2019-03-28,120,0,1,0,1,1,0,10,116,119,27,26,3,3,0.43388373911755823,118.0,126.0,127.0,136.0,128.0
385,2019-03-29,114,0,1,0,1,1,0,10,116,119,27,26,4,3,-0.433883739117558,120.0,113.0,129.0,153.0,128.14285714285714
386,2019-03-30,137,0,1,0,1,1,1,10,116,119,27,26,5,3,-0.9749279121818236,114.0,136.0,118.0,127.0,128.28571428571428
387,2019-03-31,122,0,1,0,1,1,1,10,116,119,27,26,6,3,-0.7818314824680299,137.0,153.0,120.0,129.0,123.85714285714286
388,2019-04-01,131,0,1,0,1,0,0,10,116,109,27,26,0,4,0.0,122.0,127.0,114.0,118.0,124.42857142857143
389,2019-04-02,127,0,1,0,1,0,0,10,116,119,27,29,1,4,0.7818314824680298,131.0,129.0,137.0,120.0,124.14285714285714
390,2019-04-03,138,0,1,0,1,0,0,10,116,119,27,26,2,4,0.9749279121818236,127.0,118.0,122.0,114.0,127.0
391,2019-04-04,120,0,1,0,1,0,0,10,118,116,26,34,3,4,0.43388373911755823,138.0,120.0,131.0,137.0,127.0
392,2019-04-05,108,0,1,0,1,1,0,10,118,116,26,26,4,4,-0.433883739117558,120.0,114.0,127.0,122.0,126.14285714285714
393,2019-04-06,128,0,1,0,1,1,1,10,118,121,26,17,5,4,-0.9749279121818236,108.0,137.0,138.0,131.0,124.85714285714286
394,2019-04-07,100,0,1,0,1,1,1,10,118,116,23,19,6,4,-0.7818314824680299,128.0,122.0,120.0,127.0,121.71428571428571
395,2019-04-08,110,0,1,0,1,1,0,10,118,117,23,24,0,4,0.0,100.0,131.0,108.0,138.0,118.71428571428571
396,2019-04-09,127,0,1,0,1,1,0,10,118,122,23,25,1,4,0.7818314824680298,110.0,127.0,128.0,120.0,118.71428571428571
397,2019-04-10,118,0,1,0,1,1,0,10,122,124,35,23,2,4,0.9749279121818236,127.0,138.0,100.0,108.0,115.85714285714286
398,2019-04-11,107,0,1,0,1,0,0,10,122,125,35,20,3,4,0.43388373911755823,118.0,120.0,110.0,128.0,114.0
399,2019-04-12,121,0,1,0,1,0,0,10,122,118,35,53,4,4,-0.433883739117558,107.0,108.0,127.0,100.0,115.85714285714286
400,2019-04-13,138,0,1,0,1,0,1,10,118,116,26,34,5,4,-0.9749279121818236,121.0,128.0,118.0,110.0,117.28571428571429
401,2019-04-14,105,0,1,0,1,0,1,10,118,116,26,34,6,4,-0.7818314824680299,138.0,100.0,107.0,127.0,118.0
402,2019-04-15,128,0,1,0,1,0,0,10,118,116,26,34,0,4,0.0,105.0,110.0,121.0,118.0,120.57142857142857
403,2019-04-16,121,0,1,0,1,0,0,10,118,116,26,34,1,4,0.7818314824680298,128.0,127.0,138.0,107.0,119.71428571428571
404,2019-04-17,134,0,1,0,1,0,0,10,118,116,26,34,2,4,0.9749279121818236,121.0,118.0,105.0,121.0,122.0
405,2019-04-18,116,0,1,0,1,0,0,10,118,116,26,34,3,4,0.43388373911755823,134.0,107.0,128.0,138.0,123.28571428571429
406,2019-04-20,129,0,1,0,1,0,1,10,118,116,26,34,5,4,-0.9749279121818236,116.0,121.0,121.0,105.0,124.42857142857143
407,2019-04-21,143,0,1,0,0,0,1,10,118,116,26,34,6,4,-0.7818314824680299,129.0,138.0,134.0,128.0,125.14285714285714
408,2019-04-22,128,0,1,0,1,0,0,10,118,116,26,34,0,4,0.0,143.0,105.0,116.0,121.0,128.42857142857142
409,2019-04-23,118,0,1,0,1,0,0,10,118,116,26,34,1,4,0.7818314824680298,128.0,128.0,129.0,134.0,127.0
410,2019-04-24,137,0,1,0,1,0,0,10,118,116,26,34,2,4,0.9749279121818236,118.0,121.0,143.0,116.0,129.28571428571428
411,2019-04-25,130,0,1,0,1,0,0,10,118,116,26,34,3,4,0.43388373911755823,137.0,134.0,128.0,129.0,128.71428571428572
412,2019-04-26,127,0,1,0,1,0,0,10,118,116,26,34,4,4,-0.433883739117558,130.0,116.0,118.0,143.0,130.28571428571428
413,2019-04-27,130,0,1,0,1,0,1,10,118,116,26,34,5,4,-0.9749279121818236,127.0,129.0,137.0,128.0,130.42857142857142
414,2019-04-28,148,0,1,0,1,1,1,10,118,116,26,34,6,4,-0.7818314824680299,130.0,143.0,130.0,118.0,131.14285714285714
415,2019-04-29,127,0,1,0,1,1,0,10,118,116,26,34,0,4,0.0,148.0,128.0,127.0,137.0,131.0
416,2019-04-30,117,0,1,0,1,1,0,10,118,116,26,34,1,4,0.7818314824680298,127.0,118.0,130.0,130.0,130.85714285714286
417,2019-05-01,90,0,1,0,0,0,0,10,116,109,27,26,2,5,0.9749279121818236,117.0,137.0,148.0,127.0,124.14285714285714
418,2019-05-02,113,0,1,0,1,0,0,10,116,119,27,29,3,5,0.43388373911755823,90.0,130.0,127.0,130.0,121.71428571428571
419,2019-05-03,120,0,1,0,1,0,0,10,116,119,27,26,4,5,-0.433883739117558,113.0,127.0,117.0,148.0,120.71428571428571
420,2019-05-04,101,0,1,0,1,0,1,10,118,116,26,34,5,5,-0.9749279121818236,120.0,130.0,90.0,127.0,116.57142857142857
421,2019-05-05,132,0,1,0,1,1,1,10,118,116,26,26,6,5,-0.7818314824680299,101.0,148.0,113.0,117.0,114.28571428571429
422,2019-05-06,128,0,1,0,1,1,0,10,118,121,26,17,0,5,0.0,132.0,127.0,120.0,90.0,114.42857142857143
423,2019-05-07,154,0,1,0,1,1,0,10,118,116,23,19,1,5,0.7818314824680298,128.0,117.0,101.0,113.0,119.71428571428571
424,2019-05-08,179,1,0,0,1,1,0,10,118,117,23,24,2,5,0.9749279121818236,154.0,90.0,132.0,120.0,132.42857142857142
425,2019-05-09,189,1,0,0,1,1,0,10,118,122,23,25,3,5,0.43388373911755823,179.0,113.0,128.0,101.0,143.28571428571428
426,2019-05-11,160,1,0,0,1,0,1,10,122,125,35,20,5,5,-0.9749279121818236,189.0,120.0,154.0,132.0,149.0
427,2019-05-12,174,0,0,0,1,0,1,10,122,118,35,53,6,5,-0.7818314824680299,160.0,101.0,179.0,128.0,159.42857142857142
428,2019-05-13,113,0,0,1,1,0,0,10,118,116,26,26,0,5,0.0,174.0,132.0,189.0,154.0,156.71428571428572
429,2019-05-14,100,0,0,1,1,0,0,10,118,116,26,26,1,5,0.7818314824680298,113.0,128.0,160.0,179.0,152.71428571428572
430,2019-05-15,125,0,1,0,1,0,0,10,118,116,26,26,2,5,0.9749279121818236,100.0,154.0,174.0,189.0,148.57142857142858
431,2019-05-16,116,0,1,0,1,0,0,10,118,116,26,26,3,5,0.43388373911755823,125.0,179.0,113.0,160.0,139.57142857142858
432,2019-05-17,110,0,1,0,1,0,0,10,118,116,26,26,4,5,-0.433883739117558,116.0,189.0,100.0,174.0,128.28571428571428
433,2019-05-18,103,0,1,0,1,0,1,10,118,116,26,26,5,5,-0.9749279121818236,110.0,160.0,125.0,113.0,120.14285714285714
434,2019-05-19,120,0,1,0,1,0,1,10,118,116,26,26,6,5,-0.7818314824680299,103.0,174.0,116.0,100.0,112.42857142857143
435,2019-05-20,111,0,1,0,1,0,0,10,118,116,26,26,0,5,0.0,120.0,113.0,110.0,125.0,112.14285714285714
436,2019-05-21,128,0,1,0,1,0,0,10,118,116,26,26,1,5,0.7818314824680298,111.0,100.0,103.0,116.0,116.14285714285714
437,2019-05-22,106,0,1,0,1,0,0,10,118,116,26,26,2,5,0.9749279121818236,128.0,125.0,120.0,110.0,113.42857142857143
438,2019-05-23,139,0,1,0,1,0,0,10,118,116,26,26,3,5,0.43388373911755823,106.0,116.0,111.0,103.0,116.71428571428571
439,2019-05-24,114,0,1,0,1,0,0,10,118,116,26,26,4,5,-0.433883739117558,139.0,110.0,128.0,120.0,117.28571428571429
440,2019-05-25,128,0,1,0,1,0,1,10,118,116,26,26,5,5,-0.9749279121818236,114.0,103.0,106.0,111.0,120.85714285714286
441,2019-05-26,139,0,1,0,1,0,1,10,118,116,26,26,6,5,-0.7818314824680299,128.0,120.0,139.0,128.0,123.57142857142857
442,2019-05-27,154,0,1,0,1,0,0,10,118,116,26,26,0,5,0.0,139.0,111.0,114.0,106.0,129.71428571428572
443,2019-05-28,123,0,1,0,1,1,0,10,118,116,26,26,1,5,0.7818314824680298,154.0,128.0,128.0,139.0,129.0
444,2019-05-29,119,0,1,0,1,1,0,10,118,116,26,26,2,5,0.9749279121818236,123.0,106.0,139.0,114.0,130.85714285714286
445,2019-05-30,101,0,1,0,1,1,0,10,118,116,26,26,3,5,0.43388373911755823,119.0,139.0,154.0,128.0,125.42857142857143
446,2019-05-31,128,0,1,0,1,1,0,10,118,116,26,26,4,5,-0.433883739117558,101.0,114.0,123.0,139.0,127.42857142857143
447,2019-06-01,138,0,1,0,1,0,1,10,116,109,27,26,5,6,-0.9749279121818236,128.0,128.0,119.0,154.0,128.85714285714286
448,2019-06-02,129,0,1,0,1,0,1,10,116,119,27,29,6,6,-0.7818314824680299,138.0,139.0,101.0,123.0,127.42857142857143
449,2019-06-03,120,0,1,0,1,0,0,10,116,119,27,26,0,6,0.0,129.0,154.0,128.0,119.0,122.57142857142857
450,2019-06-04,137,0,1,0,1,0,0,10,118,116,26,34,1,6,0.7818314824680298,120.0,123.0,138.0,101.0,124.57142857142857
451,2019-06-05,118,0,1,0,1,1,0,10,118,116,26,26,2,6,0.9749279121818236,137.0,119.0,129.0,128.0,124.42857142857143
452,2019-06-06,120,0,1,0,1,1,0,10,118,121,26,17,3,6,0.43388373911755823,118.0,101.0,120.0,138.0,127.14285714285714
453,2019-06-07,136,0,1,0,1,1,0,10,118,116,23,19,4,6,-0.433883739117558,120.0,128.0,137.0,129.0,128.28571428571428
454,2019-06-08,113,0,1,0,1,1,1,10,118,117,23,24,5,6,-0.9749279121818236,136.0,138.0,118.0,120.0,124.71428571428571
455,2019-06-09,106,0,1,0,1,1,1,10,118,122,23,25,6,6,-0.7818314824680299,113.0,129.0,120.0,137.0,121.42857142857143
456,2019-06-10,111,0,1,0,1,1,0,10,122,124,35,23,0,6,0.0,106.0,120.0,136.0,118.0,120.14285714285714
457,2019-06-11,99,0,1,0,1,0,0,10,122,125,35,20,1,6,0.7818314824680298,111.0,137.0,113.0,120.0,114.71428571428571
458,2019-06-12,108,0,1,0,1,0,0,10,122,118,35,53,2,6,0.9749279121818236,99.0,118.0,106.0,136.0,113.28571428571429
459,2019-06-13,121,0,1,0,1,0,0,10,118,121,26,17,3,6,0.43388373911755823,108.0,120.0,111.0,113.0,113.42857142857143
460,2019-06-14,89,0,1,0,1,0,0,10,118,121,26,17,4,6,-0.433883739117558,121.0,136.0,99.0,106.0,106.71428571428571
461,2019-06-15,110,0,1,0,1,0,1,10,118,121,26,17,5,6,-0.9749279121818236,89.0,113.0,108.0,111.0,106.28571428571429
462,2019-06-16,127,0,1,0,1,0,1,10,118,121,26,17,6,6,-0.7818314824680299,110.0,106.0,121.0,99.0,109.28571428571429
463,2019-06-17,129,0,1,0,1,0,0,10,118,121,26,17,0,6,0.0,127.0,111.0,89.0,108.0,111.85714285714286
464,2019-06-18,116,0,1,0,1,0,0,10,118,121,26,17,1,6,0.7818314824680298,129.0,99.0,110.0,121.0,114.28571428571429
465,2019-06-19,121,0,1,0,1,0,0,10,118,121,26,17,2,6,0.9749279121818236,116.0,108.0,127.0,89.0,116.14285714285714
466,2019-06-20,113,0,1,0,0,0,0,10,118,121,26,17,3,6,0.43388373911755823,121.0,121.0,129.0,110.0,115.0
467,2019-06-21,128,0,1,0,0,0,0,10,118,121,26,17,4,6,-0.433883739117558,113.0,89.0,116.0,127.0,120.57142857142857
468,2019-06-22,130,0,1,0,1,0,1,10,118,121,26,17,5,6,-0.9749279121818236,128.0,110.0,121.0,129.0,123.42857142857143
469,2019-06-23,145,0,1,0,1,0,1,10,118,121,26,17,6,6,-0.7818314824680299,130.0,127.0,113.0,116.0,126.0
470,2019-06-24,139,0,1,0,1,0,0,10,118,121,26,17,0,6,0.0,145.0,129.0,128.0,121.0,127.42857142857143
471,2019-06-25,120,0,1,0,1,0,0,10,118,121,26,17,1,6,0.7818314824680298,139.0,116.0,130.0,113.0,128.0
472,2019-06-26,119,0,1,0,1,0,0,10,118,121,26,17,2,6,0.9749279121818236,120.0,121.0,145.0,128.0,127.71428571428571
473,2019-06-27,115,0,1,0,1,0,0,10,118,121,26,17,3,6,0.43388373911755823,119.0,113.0,139.0,130.0,128.0
474,2019-06-28,128,0,1,0,1,1,0,10,118,121,26,17,4,6,-0.433883739117558,115.0,128.0,120.0,145.0,128.0
475,2019-06-29,130,0,1,0,1,1,1,10,118,121,26,17,5,6,-0.9749279121818236,128.0,130.0,119.0,139.0,128.0
476,2019-06-30,148,0,1,0,1,1,1,10,118,121,26,17,6,6,-0.7818314824680299,130.0,145.0,115.0,120.0,128.42857142857142
477,2019-07-01,128,0,1,0,1,0,0,11,116,109,27,26,0,7,0.0,148.0,139.0,128.0,119.0,126.85714285714286
478,2019-07-02,119,0,1,0,1,0,0,11,116,119,27,29,1,7,0.7818314824680298,128.0,120.0,130.0,115.0,126.71428571428571
479,2019-07-03,113,0,1,0,1,0,0,11,116,119,27,26,2,7,0.9749279121818236,119.0,119.0,148.0,128.0,125.85714285714286
480,2019-07-04,135,0,1,0,1,0,0,11,118,116,26,34,3,7,0.43388373911755823,113.0,115.0,128.0,130.0,128.71428571428572
481,2019-07-05,129,0,1,0,1,1,0,11,118,116,26,26,4,7,-0.433883739117558,135.0,128.0,119.0,148.0,128.85714285714286
482,2019-07-06,130,0,1,0,1,1,1,11,118,121,26,17,5,7,-0.9749279121818236,129.0,130.0,113.0,128.0,128.85714285714286
483,2019-07-07,141,0,1,0,1,1,1,11,118,116,23,19,6,7,-0.7818314824680299,130.0,148.0,135.0,119.0,127.85714285714286
484,2019-07-08,129,0,1,0,1,1,0,11,118,117,23,24,0,7,0.0,141.0,128.0,129.0,113.0,128.0
485,2019-07-09,119,0,1,0,1,1,0,11,118,122,23,25,1,7,0.7818314824680298,129.0,119.0,130.0,135.0,128.0
486,2019-07-10,116,0,1,0,1,1,0,11,122,124,35,23,2,7,0.9749279121818236,119.0,113.0,141.0,129.0,128.42857142857142
487,2019-07-11,131,0,1,0,1,0,0,11,122,125,35,20,3,7,0.43388373911755823,116.0,135.0,129.0,130.0,127.85714285714286
488,2019-07-12,120,0,1,0,1,0,0,11,122,118,35,53,4,7,-0.433883739117558,131.0,129.0,119.0,141.0,126.57142857142857
489,2019-07-13,101,0,1,0,1,0,1,11,118,116,23,19,5,7,-0.9749279121818236,120.0,130.0,116.0,129.0,122.42857142857143
490,2019-07-14,128,0,1,0,1,0,1,11,118,116,23,19,6,7,-0.7818314824680299,101.0,141.0,131.0,119.0,120.57142857142857
491,2019-07-15,111,0,1,0,1,0,0,11,118,116,23,19,0,7,0.0,128.0,129.0,120.0,116.0,118.0
492,2019-07-16,113,0,1,0,1,0,0,11,118,116,23,19,1,7,0.7818314824680298,111.0,119.0,101.0,131.0,117.14285714285714
493,2019-07-17,104,0,1,0,1,0,0,11,118,116,23,19,2,7,0.9749279121818236,113.0,116.0,128.0,120.0,115.42857142857143
494,2019-07-18,128,0,1,0,1,0,0,11,118,116,23,19,3,7,0.43388373911755823,104.0,131.0,111.0,101.0,115.0
495,2019-07-19,118,0,1,0,1,0,0,11,118,116,23,19,4,7,-0.433883739117558,128.0,120.0,113.0,128.0,114.71428571428571
496,2019-07-20,129,0,1,0,1,0,1,11,118,116,23,19,5,7,-0.9749279121818236,118.0,101.0,104.0,111.0,118.71428571428571
497,2019-07-21,108,0,1,0,1,0,1,11,118,116,23,19,6,7,-0.7818314824680299,129.0,128.0,128.0,113.0,115.85714285714286
498,2019-07-22,118,0,1,0,1,0,0,11,118,116,23,19,0,7,0.0,108.0,111.0,118.0,104.0,116.85714285714286
499,2019-07-23,99,0,1,0,1,0,0,11,118,116,23,19,1,7,0.7818314824680298,118.0,113.0,129.0,128.0,114.85714285714286
500,2019-07-24,77,0,1,0,1,0,0,11,118,116,23,19,2,7,0.9749279121818236,99.0,104.0,108.0,118.0,111.0
501,2019-07-25,105,0,1,0,1,0,0,11,118,116,23,19,3,7,0.43388373911755823,77.0,128.0,118.0,129.0,107.71428571428571
502,2019-07-26,111,0,1,0,1,0,0,11,118,116,23,19,4,7,-0.433883739117558,105.0,118.0,99.0,108.0,106.71428571428571
503,2019-07-27,110,0,1,0,1,0,1,11,118,116,23,19,5,7,-0.9749279121818236,111.0,129.0,77.0,118.0,104.0
504,2019-07-28,128,0,1,0,1,1,1,11,118,116,23,19,6,7,-0.7818314824680299,110.0,108.0,105.0,99.0,106.85714285714286
505,2019-07-29,148,0,1,0,1,1,0,11,118,116,23,19,0,7,0.0,128.0,118.0,111.0,77.0,111.14285714285714
506,2019-07-30,104,0,1,0,1,1,0,11,118,116,23,19,1,7,0.7818314824680298,148.0,99.0,110.0,105.0,111.85714285714286
507,2019-07-31,121,0,1,0,1,1,0,11,118,116,23,19,2,7,0.9749279121818236,104.0,77.0,128.0,111.0,118.14285714285714
508,2019-08-01,118,0,1,0,1,0,0,11,116,109,27,26,3,8,0.43388373911755823,121.0,105.0,148.0,110.0,120.0
509,2019-08-02,107,0,1,0,1,0,0,11,116,119,27,29,4,8,-0.433883739117558,118.0,111.0,104.0,128.0,119.42857142857143
510,2019-08-03,129,0,1,0,1,0,1,11,116,119,27,26,5,8,-0.9749279121818236,107.0,110.0,121.0,148.0,122.14285714285714
511,2019-08-04,149,0,1,0,1,0,1,11,118,116,26,34,6,8,-0.7818314824680299,129.0,128.0,118.0,104.0,125.14285714285714
512,2019-08-05,131,0,1,0,1,1,0,11,118,116,26,26,0,8,0.0,149.0,148.0,107.0,121.0,122.71428571428571
513,2019-08-06,125,0,1,0,1,1,0,11,118,121,26,17,1,8,0.7818314824680298,131.0,104.0,129.0,118.0,125.71428571428571
514,2019-08-07,159,1,0,0,1,1,0,11,118,116,23,19,2,8,0.9749279121818236,125.0,121.0,149.0,107.0,131.14285714285714
515,2019-08-08,116,1,0,0,1,1,0,11,118,117,23,24,3,8,0.43388373911755823,159.0,118.0,131.0,129.0,130.85714285714286
516,2019-08-09,138,1,0,0,1,1,0,11,118,122,23,25,4,8,-0.433883739117558,116.0,107.0,125.0,149.0,135.28571428571428
517,2019-08-10,143,1,0,0,1,1,1,11,122,124,35,23,5,8,-0.9749279121818236,138.0,129.0,159.0,131.0,137.28571428571428
518,2019-08-11,159,0,0,0,1,0,1,11,122,125,35,20,6,8,-0.7818314824680299,143.0,149.0,116.0,125.0,138.71428571428572
519,2019-08-12,119,0,0,1,1,0,0,11,122,118,35,53,0,8,0.0,159.0,131.0,138.0,159.0,137.0
520,2019-08-13,78,0,0,1,1,0,0,11,118,117,23,24,1,8,0.7818314824680298,119.0,125.0,143.0,116.0,130.28571428571428
521,2019-08-14,149,0,1,0,1,0,0,11,118,117,23,24,2,8,0.9749279121818236,78.0,159.0,159.0,138.0,128.85714285714286
522,2019-08-15,139,0,1,0,1,0,0,11,118,117,23,24,3,8,0.43388373911755823,149.0,116.0,119.0,143.0,132.14285714285714
523,2019-08-16,124,0,1,0,1,0,0,11,118,117,23,24,4,8,-0.433883739117558,139.0,138.0,78.0,159.0,130.14285714285714
524,2019-08-17,81,0,1,0,1,0,1,11,118,117,23,24,5,8,-0.9749279121818236,124.0,143.0,149.0,119.0,121.28571428571429
525,2019-08-18,105,0,1,0,1,0,1,11,118,117,23,24,6,8,-0.7818314824680299,81.0,159.0,139.0,78.0,113.57142857142857
526,2019-08-19,87,0,1,0,1,0,0,11,118,117,23,24,0,8,0.0,105.0,119.0,124.0,149.0,109.0
527,2019-08-20,85,0,1,0,1,0,0,11,118,117,23,24,1,8,0.7818314824680298,87.0,78.0,81.0,139.0,110.0
528,2019-08-21,114,0,1,0,1,0,0,11,118,117,23,24,2,8,0.9749279121818236,85.0,149.0,105.0,124.0,105.0
529,2019-08-22,101,0,1,0,1,0,0,11,118,117,23,24,3,8,0.43388373911755823,114.0,139.0,87.0,81.0,99.57142857142857
530,2019-08-23,155,0,1,0,1,0,0,11,118,117,23,24,4,8,-0.433883739117558,101.0,124.0,85.0,105.0,104.0
531,2019-08-24,108,0,1,0,1,0,1,11,118,117,23,24,5,8,-0.9749279121818236,155.0,81.0,114.0,87.0,107.85714285714286
532,2019-08-25,131,0,1,0,1,0,1,11,118,117,23,24,6,8,-0.7818314824680299,108.0,105.0,101.0,85.0,111.57142857142857
533,2019-08-26,123,0,1,0,1,0,0,11,118,117,23,24,0,8,0.0,131.0,87.0,155.0,114.0,116.71428571428571
534,2019-08-27,134,0,1,0,1,0,0,11,118,117,23,24,1,8,0.7818314824680298,123.0,85.0,108.0,101.0,123.71428571428571
535,2019-08-28,105,0,1,0,1,1,0,11,118,117,23,24,2,8,0.9749279121818236,134.0,114.0,131.0,155.0,122.42857142857143
536,2019-08-29,116,0,1,0,1,1,0,11,118,117,23,24,3,8,0.43388373911755823,105.0,101.0,123.0,108.0,124.57142857142857
537,2019-08-30,120,0,1,0,1,1,0,11,118,117,23,24,4,8,-0.433883739117558,116.0,155.0,134.0,131.0,119.57142857142857
538,2019-08-31,118,0,1,0,1,1,1,11,118,117,23,24,5,8,-0.9749279121818236,120.0,108.0,105.0,123.0,121.0
539,2019-09-01,120,0,1,0,1,0,1,11,116,109,27,26,6,9,-0.7818314824680299,118.0,131.0,116.0,134.0,119.42857142857143
540,2019-09-02,110,0,1,0,1,0,0,11,116,119,27,29,0,9,0.0,120.0,123.0,120.0,105.0,117.57142857142857
541,2019-09-03,116,0,1,0,1,0,0,11,116,119,27,26,1,9,0.7818314824680298,110.0,134.0,118.0,116.0,115.0
542,2019-09-04,130,0,1,0,1,0,0,11,118,116,26,34,2,9,0.9749279121818236,116.0,105.0,120.0,120.0,118.57142857142857
543,2019-09-05,128,0,1,0,1,1,0,11,118,116,26,26,3,9,0.43388373911755823,130.0,116.0,110.0,118.0,120.28571428571429
544,2019-09-06,120,0,1,0,1,1,0,11,118,121,26,17,4,9,-0.433883739117558,128.0,120.0,116.0,120.0,120.28571428571429
545,2019-09-07,81,0,1,0,0,1,1,11,118,116,23,19,5,9,-0.9749279121818236,120.0,118.0,130.0,110.0,115.0
546,2019-09-08,119,0,1,0,1,1,1,11,118,117,23,24,6,9,-0.7818314824680299,81.0,120.0,128.0,116.0,114.85714285714286
547,2019-09-09,135,0,1,0,1,1,0,11,118,122,23,25,0,9,0.0,119.0,110.0,120.0,130.0,118.42857142857143
548,2019-09-10,129,0,1,0,1,1,0,11,122,124,35,23,1,9,0.7818314824680298,135.0,116.0,81.0,128.0,120.28571428571429
549,2019-09-11,119,0,1,0,1,0,0,11,122,125,35,20,2,9,0.9749279121818236,129.0,130.0,119.0,120.0,118.71428571428571
550,2019-09-12,101,0,1,0,1,0,0,11,122,118,35,53,3,9,0.43388373911755823,119.0,128.0,135.0,81.0,114.85714285714286
551,2019-09-13,76,0,1,0,1,0,0,11,118,122,23,25,4,9,-0.433883739117558,101.0,120.0,129.0,119.0,108.57142857142857
552,2019-09-14,128,0,1,0,1,0,1,11,118,122,23,25,5,9,-0.9749279121818236,76.0,81.0,119.0,135.0,115.28571428571429
553,2019-09-15,129,0,1,0,1,0,1,11,118,122,23,25,6,9,-0.7818314824680299,128.0,119.0,101.0,129.0,116.71428571428571
554,2019-09-16,118,0,1,0,1,0,0,11,118,122,23,25,0,9,0.0,129.0,135.0,76.0,119.0,114.28571428571429
555,2019-09-17,104,0,1,0,1,0,0,11,118,122,23,25,1,9,0.7818314824680298,118.0,129.0,128.0,101.0,110.71428571428571
556,2019-09-18,149,0,1,0,1,0,0,11,118,122,23,25,2,9,0.9749279121818236,104.0,119.0,129.0,76.0,115.0
557,2019-09-19,149,0,1,0,1,0,0,11,118,122,23,25,3,9,0.43388373911755823,149.0,101.0,118.0,128.0,121.85714285714286
558,2019-09-20,81,0,1,0,1,0,0,11,118,122,23,25,4,9,-0.433883739117558,149.0,76.0,104.0,129.0,122.57142857142857
559,2019-09-21,155,0,1,0,1,0,1,11,118,122,23,25,5,9,-0.9749279121818236,81.0,128.0,149.0,118.0,126.42857142857143
560,2019-09-22,105,0,1,0,1,0,1,11,118,122,23,25,6,9,-0.7818314824680299,155.0,129.0,149.0,104.0,123.0
561,2019-09-23,137,0,1,0,1,0,0,11,118,122,23,25,0,9,0.0,105.0,118.0,81.0,149.0,125.71428571428571
562,2019-09-24,127,0,1,0,1,0,0,11,118,122,23,25,1,9,0.7818314824680298,137.0,104.0,155.0,149.0,129.0
563,2019-09-25,129,0,1,0,1,0,0,11,118,122,23,25,2,9,0.9749279121818236,127.0,149.0,105.0,81.0,126.14285714285714
564,2019-09-26,120,0,1,0,1,0,0,11,118,122,23,25,3,9,0.43388373911755823,129.0,149.0,137.0,155.0,122.0
565,2019-09-27,108,0,1,0,1,0,0,11,118,122,23,25,4,9,-0.433883739117558,120.0,81.0,127.0,105.0,125.85714285714286
566,2019-09-28,119,0,1,0,1,1,1,11,118,122,23,25,5,9,-0.9749279121818236,108.0,155.0,129.0,137.0,120.71428571428571
567,2019-09-29,120,0,1,0,1,1,1,11,118,122,23,25,6,9,-0.7818314824680299,119.0,105.0,120.0,127.0,122.85714285714286
568,2019-09-30,110,0,1,0,1,1,0,11,118,122,23,25,0,9,0.0,120.0,137.0,108.0,129.0,119.0
569,2019-10-01,108,0,1,0,1,0,0,11,116,109,27,26,1,10,0.7818314824680298,110.0,127.0,119.0,120.0,116.28571428571429
570,2019-10-02,125,0,1,0,1,0,0,11,116,119,27,29,2,10,0.9749279121818236,108.0,129.0,120.0,108.0,115.71428571428571
571,2019-10-03,90,0,1,0,1,0,0,11,116,119,27,26,3,10,0.43388373911755823,125.0,120.0,110.0,119.0,111.42857142857143
572,2019-10-04,114,0,1,0,1,0,0,11,118,116,26,34,4,10,-0.433883739117558,90.0,108.0,108.0,120.0,112.28571428571429
573,2019-10-05,100,0,1,0,1,1,1,11,118,116,26,26,5,10,-0.9749279121818236,114.0,119.0,125.0,110.0,109.57142857142857
574,2019-10-06,106,0,1,0,1,1,1,11,118,121,26,17,6,10,-0.7818314824680299,100.0,120.0,90.0,108.0,107.57142857142857
575,2019-10-07,112,0,1,0,1,1,0,11,118,116,23,19,0,10,0.0,106.0,110.0,114.0,125.0,107.85714285714286
576,2019-10-08,131,0,1,0,1,1,0,11,118,117,23,24,1,10,0.7818314824680298,112.0,108.0,100.0,90.0,111.14285714285714
577,2019-10-09,110,0,1,0,1,1,0,11,118,122,23,25,2,10,0.9749279121818236,131.0,125.0,106.0,114.0,109.0
578,2019-10-10,107,0,1,0,1,1,0,11,122,124,35,23,3,10,0.43388373911755823,110.0,90.0,112.0,100.0,111.42857142857143
579,2019-10-11,108,0,1,0,1,0,0,11,122,125,35,20,4,10,-0.433883739117558,107.0,114.0,131.0,106.0,110.57142857142857
580,2019-10-12,94,0,1,0,0,0,1,11,122,118,35,53,5,10,-0.9749279121818236,108.0,100.0,110.0,112.0,109.71428571428571
581,2019-10-13,97,0,1,0,1,0,1,11,122,124,35,23,6,10,-0.7818314824680299,94.0,106.0,107.0,131.0,108.42857142857143
582,2019-10-14,103,0,1,0,1,0,0,11,122,124,35,23,0,10,0.0,97.0,112.0,108.0,110.0,107.14285714285714
583,2019-10-15,110,0,1,0,1,0,0,11,122,124,35,23,1,10,0.7818314824680298,103.0,131.0,94.0,107.0,104.14285714285714
584,2019-10-16,129,0,1,0,1,0,0,11,122,124,35,23,2,10,0.9749279121818236,110.0,110.0,97.0,108.0,106.85714285714286
585,2019-10-17,143,0,1,0,1,0,0,11,122,124,35,23,3,10,0.43388373911755823,129.0,107.0,103.0,94.0,112.0
586,2019-10-18,81,0,1,0,1,0,0,11,122,124,35,23,4,10,-0.433883739117558,143.0,108.0,110.0,97.0,108.14285714285714
587,2019-10-19,134,0,1,0,1,0,1,11,122,124,35,23,5,10,-0.9749279121818236,81.0,94.0,129.0,103.0,113.85714285714286
588,2019-10-20,120,0,1,0,1,0,1,11,122,124,35,23,6,10,-0.7818314824680299,134.0,97.0,143.0,110.0,117.14285714285714
589,2019-10-21,110,0,1,0,1,0,0,11,122,124,35,23,0,10,0.0,120.0,103.0,81.0,129.0,118.14285714285714
590,2019-10-22,106,0,1,0,1,0,0,11,122,124,35,23,1,10,0.7818314824680298,110.0,110.0,134.0,143.0,117.57142857142857
591,2019-10-23,100,0,1,0,1,0,0,11,122,124,35,23,2,10,0.9749279121818236,106.0,129.0,120.0,81.0,113.42857142857143
592,2019-10-24,128,0,1,0,1,0,0,11,122,124,35,23,3,10,0.43388373911755823,100.0,143.0,110.0,134.0,111.28571428571429
593,2019-10-25,114,0,1,0,1,0,0,11,122,124,35,23,4,10,-0.433883739117558,128.0,81.0,106.0,120.0,116.0
594,2019-10-26,135,0,1,0,1,0,1,11,122,124,35,23,5,10,-0.9749279121818236,114.0,134.0,100.0,110.0,116.14285714285714
595,2019-10-27,149,0,1,0,1,0,1,11,122,124,35,23,6,10,-0.7818314824680299,135.0,120.0,128.0,106.0,120.28571428571429
596,2019-10-28,149,0,1,0,1,1,0,11,122,124,35,23,0,10,0.0,149.0,110.0,114.0,100.0,125.85714285714286
597,2019-10-29,128,0,1,0,1,1,0,11,122,124,35,23,1,10,0.7818314824680298,149.0,106.0,135.0,128.0,129.0
598,2019-10-30,146,0,1,0,1,1,0,11,122,124,35,23,2,10,0.9749279121818236,128.0,100.0,149.0,114.0,135.57142857142858
599,2019-10-31,99,0,1,0,1,1,0,11,122,124,35,23,3,10,0.43388373911755823,146.0,128.0,149.0,135.0,131.42857142857142
600,2019-11-01,128,0,1,0,1,0,0,11,116,109,27,26,4,11,-0.433883739117558,99.0,114.0,128.0,149.0,133.42857142857142
601,2019-11-03,98,0,1,0,1,0,1,11,116,119,27,26,6,11,-0.7818314824680299,128.0,135.0,146.0,149.0,128.14285714285714
602,2019-11-04,130,0,1,0,1,0,0,11,118,116,26,34,0,11,0.0,98.0,149.0,99.0,128.0,125.42857142857143
603,2019-11-05,138,0,1,0,1,1,0,11,118,116,26,26,1,11,0.7818314824680298,130.0,149.0,128.0,146.0,123.85714285714286
604,2019-11-06,141,0,1,0,1,1,0,11,118,121,26,17,2,11,0.9749279121818236,138.0,128.0,98.0,99.0,125.71428571428571
605,2019-11-07,128,0,1,0,1,1,0,11,118,116,23,19,3,11,0.43388373911755823,141.0,146.0,130.0,128.0,123.14285714285714
606,2019-11-08,154,0,1,0,1,1,0,11,118,117,23,24,4,11,-0.433883739117558,128.0,99.0,138.0,98.0,131.0
607,2019-11-09,138,0,1,0,1,1,1,11,118,122,23,25,5,11,-0.9749279121818236,154.0,128.0,141.0,130.0,132.42857142857142
608,2019-11-10,164,0,1,0,1,1,1,11,122,124,35,23,6,11,-0.7818314824680299,138.0,98.0,128.0,138.0,141.85714285714286
609,2019-11-11,143,0,1,0,1,0,0,11,122,125,35,20,0,11,0.0,164.0,130.0,154.0,141.0,143.71428571428572
610,2019-11-12,138,0,1,0,1,0,0,11,122,118,35,53,1,11,0.7818314824680298,143.0,138.0,138.0,128.0,143.71428571428572
611,2019-11-13,132,0,1,0,1,0,0,11,122,125,35,20,2,11,0.9749279121818236,138.0,141.0,164.0,154.0,142.42857142857142
612,2019-11-14,120,0,1,0,1,0,0,11,122,125,35,20,3,11,0.43388373911755823,132.0,128.0,143.0,138.0,141.28571428571428
613,2019-11-16,118,0,1,0,1,0,1,11,122,125,35,20,5,11,-0.9749279121818236,120.0,154.0,138.0,164.0,136.14285714285714
614,2019-11-17,128,0,1,0,1,0,1,11,122,125,35,20,6,11,-0.7818314824680299,118.0,138.0,132.0,143.0,134.71428571428572
615,2019-11-18,135,0,1,0,1,0,0,11,122,125,35,20,0,11,0.0,128.0,164.0,120.0,138.0,130.57142857142858
616,2019-11-19,126,0,1,0,1,0,0,11,122,125,35,20,1,11,0.7818314824680298,135.0,143.0,118.0,132.0,128.14285714285714
617,2019-11-20,138,0,1,0,1,0,0,11,122,125,35,20,2,11,0.9749279121818236,126.0,138.0,128.0,120.0,128.14285714285714
618,2019-11-21,120,0,1,0,1,0,0,11,122,125,35,20,3,11,0.43388373911755823,138.0,132.0,135.0,118.0,126.42857142857143
619,2019-11-22,111,0,1,0,1,0,0,11,122,125,35,20,4,11,-0.433883739117558,120.0,120.0,126.0,128.0,125.14285714285714
620,2019-11-23,138,0,1,0,1,0,1,11,122,125,35,20,5,11,-0.9749279121818236,111.0,118.0,138.0,135.0,128.0
621,2019-11-24,129,0,1,0,1,0,1,11,122,125,35,20,6,11,-0.7818314824680299,138.0,128.0,120.0,126.0,128.14285714285714
622,2019-11-25,141,0,1,0,1,0,0,11,122,125,35,20,0,11,0.0,129.0,135.0,111.0,138.0,129.0
623,2019-11-26,137,0,1,0,1,0,0,11,122,125,35,20,1,11,0.7818314824680298,141.0,126.0,138.0,120.0,130.57142857142858
624,2019-11-27,129,0,1,0,1,0,0,11,122,125,35,20,2,11,0.9749279121818236,137.0,138.0,129.0,111.0,129.28571428571428
625,2019-11-28,114,0,1,0,1,1,0,11,122,125,35,20,3,11,0.43388373911755823,129.0,120.0,141.0,138.0,128.42857142857142
626,2019-11-29,132,0,1,0,1,1,0,11,122,125,35,20,4,11,-0.433883739117558,114.0,111.0,137.0,129.0,131.42857142857142
627,2019-11-30,153,0,1,0,1,1,1,11,122,125,35,20,5,11,-0.9749279121818236,132.0,138.0,129.0,141.0,133.57142857142858
628,2019-12-01,142,0,1,0,1,0,1,11,116,109,27,26,6,12,-0.7818314824680299,153.0,129.0,114.0,137.0,135.42857142857142
629,2019-12-02,128,0,1,0,1,0,0,11,116,119,27,29,0,12,0.0,142.0,141.0,132.0,129.0,133.57142857142858
630,2019-12-03,108,0,1,0,1,0,0,11,116,119,27,26,1,12,0.7818314824680298,128.0,137.0,153.0,114.0,129.42857142857142
631,2019-12-04,113,0,1,0,1,0,0,11,118,116,26,34,2,12,0.9749279121818236,108.0,129.0,142.0,132.0,127.14285714285714
632,2019-12-05,131,0,1,0,1,1,0,11,118,116,26,26,3,12,0.43388373911755823,113.0,114.0,128.0,153.0,129.57142857142858
633,2019-12-06,125,0,1,0,1,1,0,11,118,121,26,17,4,12,-0.433883739117558,131.0,132.0,108.0,142.0,128.57142857142858
634,2019-12-07,119,0,1,0,1,1,1,11,118,116,23,19,5,12,-0.9749279121818236,125.0,153.0,113.0,128.0,123.71428571428571
635,2019-12-08,109,0,1,0,1,1,1,11,118,117,23,24,6,12,-0.7818314824680299,119.0,142.0,131.0,108.0,119.0
636,2019-12-09,128,0,1,0,1,1,0,11,118,122,23,25,0,12,0.0,109.0,128.0,125.0,113.0,119.0
637,2019-12-10,138,0,1,0,1,1,0,11,122,124,35,23,1,12,0.7818314824680298,128.0,108.0,119.0,131.0,123.28571428571429
638,2019-12-11,119,0,1,0,1,0,0,11,122,125,35,20,2,12,0.9749279121818236,138.0,113.0,109.0,125.0,124.14285714285714
639,2019-12-12,128,0,1,0,1,0,0,11,122,118,35,53,3,12,0.43388373911755823,119.0,131.0,128.0,119.0,123.71428571428571
640,2019-12-13,136,0,1,0,1,0,0,11,122,118,35,53,4,12,-0.433883739117558,128.0,125.0,138.0,109.0,125.28571428571429
641,2019-12-14,156,0,1,0,1,0,1,11,122,118,35,53,5,12,-0.9749279121818236,136.0,119.0,119.0,128.0,130.57142857142858
642,2019-12-15,148,0,1,0,1,0,1,11,122,118,35,53,6,12,-0.7818314824680299,156.0,109.0,128.0,138.0,136.14285714285714
643,2019-12-16,137,0,1,0,1,0,0,11,122,118,35,53,0,12,0.0,148.0,128.0,136.0,119.0,137.42857142857142
644,2019-12-17,128,0,1,0,1,0,0,11,122,118,35,53,1,12,0.7818314824680298,137.0,138.0,156.0,128.0,136.0
645,2019-12-18,164,0,1,0,1,0,0,11,122,118,35,53,2,12,0.9749279121818236,128.0,119.0,148.0,136.0,142.42857142857142
646,2019-12-19,138,0,1,0,1,0,0,11,122,118,35,53,3,12,0.43388373911755823,164.0,128.0,137.0,156.0,143.85714285714286
647,2019-12-20,143,0,1,0,1,0,0,12,122,118,35,53,4,12,-0.433883739117558,138.0,136.0,128.0,148.0,144.85714285714286
648,2019-12-21,160,1,0,0,1,0,1,12,122,118,35,53,5,12,-0.9749279121818236,143.0,156.0,164.0,137.0,145.42857142857142
649,2019-12-22,181,1,0,0,1,0,1,12,122,118,35,53,6,12,-0.7818314824680299,160.0,148.0,138.0,128.0,150.14285714285714
650,2019-12-23,196,1,0,0,1,0,0,12,122,118,35,53,0,12,0.0,181.0,137.0,143.0,164.0,158.57142857142858
651,2019-12-24,160,1,0,0,1,0,0,12,122,118,35,53,1,12,0.7818314824680298,196.0,128.0,160.0,138.0,163.14285714285714
652,2019-12-26,148,1,0,1,1,0,0,12,122,118,35,53,3,12,0.43388373911755823,160.0,164.0,181.0,143.0,160.85714285714286
653,2019-12-27,155,1,0,1,1,0,0,12,122,118,35,53,4,12,-0.433883739117558,148.0,138.0,196.0,160.0,163.28571428571428
654,2019-12-28,106,1,0,0,1,1,1,12,122,118,35,53,5,12,-0.9749279121818236,155.0,143.0,160.0,181.0,158.0
655,2020-01-03,73,0,0,1,1,0,0,12,100,90,32,32,4,1,-0.433883739117558,106.0,160.0,148.0,196.0,145.57142857142858
656,2020-01-05,74,0,1,0,1,1,1,12,96,92,21,25,6,1,-0.7818314824680299,73.0,181.0,155.0,160.0,130.28571428571428
657,2020-01-06,83,0,1,0,1,1,0,12,96,103,21,18,0,1,0.0,74.0,196.0,106.0,148.0,114.14285714285714
658,2020-01-07,99,0,1,0,1,1,0,12,106,102,21,4,1,1,0.7818314824680298,83.0,160.0,73.0,155.0,105.42857142857143
659,2020-01-08,106,0,1,0,1,1,0,12,106,124,21,26,2,1,0.9749279121818236,99.0,148.0,74.0,106.0,99.42857142857143
660,2020-01-09,104,0,1,0,1,1,0,12,106,91,21,18,3,1,0.43388373911755823,106.0,155.0,83.0,73.0,92.14285714285714
661,2020-01-10,79,0,1,0,1,1,0,12,103,92,21,18,4,1,-0.433883739117558,104.0,106.0,99.0,74.0,88.28571428571429
662,2020-01-11,89,0,1,0,1,0,1,12,103,103,21,20,5,1,-0.9749279121818236,79.0,73.0,106.0,83.0,90.57142857142857
663,2020-01-12,95,0,1,0,1,0,1,12,103,116,21,29,6,1,-0.7818314824680299,89.0,74.0,104.0,99.0,93.57142857142857
664,2020-01-13,106,0,1,0,1,0,0,12,100,108,32,27,0,1,0.0,95.0,83.0,79.0,106.0,96.85714285714286
665,2020-01-14,129,0,1,0,1,0,0,12,100,108,32,27,1,1,0.7818314824680298,106.0,99.0,89.0,104.0,101.14285714285714
666,2020-01-15,106,0,1,0,1,0,0,12,100,108,32,27,2,1,0.9749279121818236,129.0,106.0,95.0,79.0,101.14285714285714
667,2020-01-16,94,0,1,0,1,0,0,12,100,108,32,27,3,1,0.43388373911755823,106.0,104.0,106.0,89.0,99.71428571428571
668,2020-01-17,121,0,1,0,1,0,0,12,100,108,32,27,4,1,-0.433883739117558,94.0,79.0,129.0,95.0,105.71428571428571
669,2020-01-18,107,0,1,0,1,0,1,12,100,108,32,27,5,1,-0.9749279121818236,121.0,89.0,106.0,106.0,108.28571428571429
670,2020-01-19,109,0,1,0,1,0,1,12,100,108,32,27,6,1,-0.7818314824680299,107.0,95.0,94.0,129.0,110.28571428571429
671,2020-01-20,118,0,1,0,1,0,0,12,100,108,32,27,0,1,0.0,109.0,106.0,121.0,106.0,112.0
672,2020-01-21,91,0,1,0,1,0,0,12,100,108,32,27,1,1,0.7818314824680298,118.0,129.0,107.0,94.0,106.57142857142857
673,2020-01-22,129,0,1,0,1,0,0,12,100,108,32,27,2,1,0.9749279121818236,91.0,106.0,109.0,121.0,109.85714285714286
674,2020-01-23,116,0,1,0,1,0,0,12,100,108,32,27,3,1,0.43388373911755823,129.0,94.0,118.0,107.0,113.0
675,2020-01-24,125,0,1,0,1,0,0,12,100,108,32,27,4,1,-0.433883739117558,116.0,121.0,91.0,109.0,113.57142857142857
676,2020-01-25,136,0,1,0,1,0,1,12,100,108,32,27,5,1,-0.9749279121818236,125.0,107.0,129.0,118.0,117.71428571428571
677,2020-01-26,120,0,1,0,1,0,1,12,100,108,32,27,6,1,-0.7818314824680299,136.0,109.0,116.0,91.0,119.28571428571429
678,2020-01-27,101,0,1,0,1,0,0,12,100,108,32,27,0,1,0.0,120.0,118.0,125.0,129.0,116.85714285714286
679,2020-01-28,115,0,1,0,1,1,0,12,100,108,32,27,1,1,0.7818314824680298,101.0,91.0,136.0,116.0,120.28571428571429
680,2020-01-29,126,0,1,0,1,1,0,12,100,108,32,27,2,1,0.9749279121818236,115.0,129.0,120.0,125.0,119.85714285714286
681,2020-01-30,110,0,1,0,1,1,0,12,100,108,32,27,3,1,0.43388373911755823,126.0,116.0,101.0,136.0,119.0
682,2020-01-31,117,0,1,0,1,1,0,12,100,108,32,27,4,1,-0.433883739117558,110.0,125.0,115.0,120.0,117.85714285714286
683,2020-02-01,121,0,1,0,1,0,1,12,100,108,32,27,5,2,-0.9749279121818236,117.0,136.0,126.0,101.0,115.71428571428571
684,2020-02-02,139,0,1,0,1,0,1,12,100,92,32,36,6,2,-0.7818314824680299,121.0,120.0,110.0,115.0,118.42857142857143
685,2020-02-03,128,0,1,0,1,0,0,12,100,90,32,32,0,2,0.0,139.0,101.0,117.0,126.0,122.28571428571429
686,2020-02-04,118,0,1,0,1,0,0,12,96,93,21,26,1,2,0.7818314824680298,128.0,115.0,121.0,110.0,122.71428571428571
687,2020-02-05,81,0,1,0,1,1,0,12,96,92,21,25,2,2,0.9749279121818236,118.0,126.0,139.0,117.0,116.28571428571429
688,2020-02-06,120,0,1,0,1,1,0,12,96,103,21,18,3,2,0.43388373911755823,81.0,110.0,128.0,121.0,117.71428571428571
689,2020-02-07,106,0,1,0,1,1,0,12,106,102,21,4,4,2,-0.433883739117558,120.0,117.0,118.0,139.0,116.14285714285714
690,2020-02-08,143,0,1,0,1,1,1,12,106,124,21,26,5,2,-0.9749279121818236,106.0,121.0,81.0,128.0,119.28571428571429
691,2020-02-09,78,0,1,0,1,1,1,12,106,91,21,18,6,2,-0.7818314824680299,143.0,139.0,120.0,118.0,110.57142857142857
692,2020-02-10,105,0,1,0,1,1,0,12,103,92,21,18,0,2,0.0,78.0,128.0,106.0,81.0,107.28571428571429
693,2020-02-11,118,0,1,0,1,0,0,12,103,103,21,20,1,2,0.7818314824680298,105.0,118.0,143.0,120.0,107.28571428571429
694,2020-02-12,137,0,1,0,1,0,0,12,103,116,21,29,2,2,0.9749279121818236,118.0,81.0,78.0,106.0,115.28571428571429
695,2020-02-13,120,0,1,0,1,0,0,12,100,92,32,36,3,2,0.43388373911755823,137.0,120.0,105.0,143.0,115.28571428571429
696,2020-02-14,126,0,1,0,1,0,0,12,100,92,32,36,4,2,-0.433883739117558,120.0,106.0,118.0,78.0,118.14285714285714
697,2020-02-15,110,0,1,0,1,0,1,12,100,92,32,36,5,2,-0.9749279121818236,126.0,143.0,137.0,105.0,113.42857142857143
698,2020-02-16,106,0,1,0,1,0,1,12,100,92,32,36,6,2,-0.7818314824680299,110.0,78.0,120.0,118.0,117.42857142857143
699,2020-02-17,100,0,1,0,1,0,0,12,100,92,32,36,0,2,0.0,106.0,105.0,126.0,137.0,116.71428571428571
700,2020-02-18,87,0,1,0,1,0,0,12,100,92,32,36,1,2,0.7818314824680298,100.0,118.0,110.0,120.0,112.28571428571429
701,2020-02-19,120,0,1,0,1,0,0,12,100,92,32,36,2,2,0.9749279121818236,87.0,137.0,106.0,126.0,109.85714285714286
702,2020-02-20,110,1,0,0,1,0,0,12,100,92,32,36,3,2,0.43388373911755823,120.0,120.0,100.0,110.0,108.42857142857143
703,2020-02-21,96,1,0,0,1,0,0,12,100,92,32,36,4,2,-0.433883739117558,110.0,126.0,87.0,106.0,104.14285714285714
704,2020-02-22,79,1,0,0,1,0,1,12,100,92,32,36,5,2,-0.9749279121818236,96.0,110.0,120.0,100.0,99.71428571428571
705,2020-02-23,89,1,0,0,1,0,1,12,100,92,32,36,6,2,-0.7818314824680299,79.0,106.0,110.0,87.0,97.28571428571429
706,2020-02-26,86,0,0,1,1,0,0,12,100,92,32,36,2,2,0.9749279121818236,89.0,100.0,96.0,120.0,95.28571428571429
707,2020-02-27,99,0,0,1,1,0,0,12,100,92,32,36,3,2,0.43388373911755823,86.0,87.0,79.0,110.0,97.0
708,2020-02-28,105,0,1,0,1,1,0,13,100,92,32,36,4,2,-0.433883739117558,99.0,120.0,89.0,96.0,94.85714285714286
709,2020-02-29,117,0,1,0,1,1,1,13,100,92,32,36,5,2,-0.9749279121818236,105.0,110.0,86.0,79.0,95.85714285714286
710,2020-03-01,87,0,1,0,1,0,1,13,100,108,32,27,6,3,-0.7818314824680299,117.0,96.0,99.0,89.0,94.57142857142857
711,2020-03-02,99,0,1,0,1,0,0,13,100,92,32,36,0,3,0.0,87.0,79.0,105.0,86.0,97.42857142857143
712,2020-03-04,98,0,1,0,1,0,0,13,96,93,21,26,2,3,0.9749279121818236,99.0,89.0,117.0,99.0,98.71428571428571
713,2020-03-05,121,0,1,0,1,1,0,13,96,92,21,25,3,3,0.43388373911755823,98.0,86.0,87.0,105.0,103.71428571428571
714,2020-03-06,108,0,1,0,1,1,0,13,96,103,21,18,4,3,-0.433883739117558,121.0,99.0,99.0,117.0,105.0
